time,type,D0,D1,D2,D3,D4,D5,D6,D7,D8,D9,D10,D11,D12,D13,D14,D15,D16,D17,D18,D19,D20,D21,D22,D23,D24,D25,D26,D27,D28,D29,D30,D31,D32,D33,D34,D35,D36,D37,D38,D39,D40,D41,D42,D43,D44,D45,D46,D47,D48,D49,D50,D51,D52,D53,D54,D55,D56,D57,D58,D59,D60,D61,D62,D63
33.193821,U,1606,163,64,1627,1571,1501,1509,1562,1557,1495,1505,1574,1574,1530,X,1604
33.208019,D,1165,1179,1185,X,1154,X,1135,X,1135,1099,X,1184,1117,1150,1113,1181
33.223428,L,X,X,X,X,X,X,X,X,X,X,X,X,15,X,X,X,X,X,X,X,X,X,X,X,X,X,X,X,X,X,X,X,X,X,X,X,X,X,X,X,X,X,X,X,X,X,X,X,X,X,X,X,X,X,X,X,X,X,X,X,X,X,X,X
33.261711,R,X,1803,X,1325,1211,1130,1053,1021,X,X,1447,1305,1165,1089,1021,977,X,X,X,1236,1159,1069,998,953,X,X,1349,1230,1120,1063,993,947,X,X,1338,1239,1125,1033,1000,933,1780,X,1319,1211,1130,1063,986,945,1935,X,1317,X,1127,1045,997,934,X,969,1022,994,957,1067,1006,966
33.300075,U,1607,1573,64,1602,1572,1504,1504,1560,1547,1500,1493,1541,1595,1550,1540,1577
33.314285,D,X,1170,1172,X,1169,X,1143,1173,1187,1112,1130,1164,1152,X,1095,1145
33.329673,L,X,X,X,X,X,X,X,X,X,X,X,X,16,X,X,X,X,X,X,X,X,X,X,X,X,X,X,X,X,X,X,X,X,X,X,X,X,X,X,X,X,X,X,X,X,X,X,X,X,X,X,X,X,X,X,X,X,X,X,1561,1527,X,X,X
33.367951,R,X,X,X,1411,1237,1148,1084,1022,X,X,1485,1311,1215,1129,1054,1000,X,X,1394,1293,1176,1111,1037,977,X,X,1384,1269,1144,1101,1023,976,X,X,1396,1273,1148,1087,1019,960,X,X,1331,1289,1162,1099,1030,968,X,1592,1461,1272,1174,1103,1023,965,X,X,964,1013,1001,X,1037,1000
33.406312,U,1594,159,62,1586,1557,1487,1499,1556,1564,1496,1478,1550,1572,1544,1538,1583
33.420521,D,1197,1115,1163,X,X,X,1147,1166,X,X,1141,1191,X,1120,1121,1192
33.435915,L,X,X,X,X,X,X,X,X,X,X,X,X,15,X,X,X,X,X,X,X,X,X,X,X,X,X,X,X,X,X,X,X,X,X,X,X,X,X,X,X,X,X,X,X,X,X,X,X,X,X,X,X,X,X,X,X,X,X,X,1582,X,X,X,X
33.486508,R,X,X,X,1379,1274,1188,1117,1047,X,X,X,1399,1262,1169,1086,1018,X,X,X,1333,1209,1142,1068,1013,X,X,1431,1328,1203,1132,1056,990,X,X,1484,1341,1222,1125,1063,1010,X,X,X,1311,1223,1127,1032,1007,X,1744,1498,1301,1213,1140,1064,1001,X,X,970,972,1021,945,1043,1032
33.524926,U,1602,148,66,1567,1566,1480,1492,1540,1561,1490,1474,1534,1598,1546,1539,1594
33.539162,D,1132,1122,1169,X,X,X,1102,X,1121,1119,1092,1184,1151,1137,1138,1198
33.554580,L,X,X,X,X,X,X,X,X,X,X,X,X,16,X,X,X,X,X,X,X,X,X,X,X,X,X,X,X,X,X,X,X,X,X,X,X,X,X,X,X,X,X,X,X,X,X,X,X,X,X,X,X,X,X,X,X,X,X,X,X,X,X,X,X
33.592929,R,X,X,1631,1419,1287,1183,1118,1045,X,X,1556,1386,1263,1174,1097,1046,X,X,1487,1385,1223,1133,1064,1023,X,X,1453,1351,1223,1146,1066,1004,X,1717,1463,1300,1237,1145,1073,1012,X,X,1503,1313,1220,1143,1052,1019,X,1776,X,1380,1232,1145,1073,1023,X,X,X,978,1010,961,X,1042
33.631327,U,1589,1535,65,1538,1572,1485,1476,1490,1576,1486,1469,1518,1603,1560,1536,1509
33.662561,D,1174,1195,1193,X,X,1182,1119,1176,X,1176,1145,1208,1190,1160,1163,1176
33.676822,L,X,X,X,X,X,X,X,X,X,X,X,X,15,X,X,X,X,X,X,X,X,X,X,X,X,X,X,X,X,X,X,X,X,X,X,X,X,X,X,X,X,X,X,X,X,X,X,X,X,X,X,X,X,X,X,X,X,X,X,X,X,X,X,X
33.715064,R,X,X,X,1457,1314,1208,1148,1084,X,X,1575,1414,1305,1188,1113,1054,X,X,X,1388,1243,1169,1092,1042,X,X,1492,1375,1263,1149,1099,1034,X,X,1513,1413,1258,1169,1103,1018,X,X,1494,1359,1246,1163,1104,1044,X,X,1540,1368,1278,1186,1096,1035,X,X,X,1451,998,975,923,976
33.753408,U,1549,158,67,1545,1525,1483,1480,1522,1529,1474,1472,1534,1572,1522,1533,1607
33.781287,D,1201,X,1184,X,1157,1101,1178,1154,X,X,X,1156,1194,1135,1157,1186
33.796784,L,X,X,X,X,X,X,X,X,X,X,X,X,17,X,X,X,X,X,X,X,X,X,X,X,X,X,X,X,X,X,X,X,X,X,X,X,X,X,X,X,X,X,X,X,X,X,X,X,X,X,X,X,X,X,X,X,X,X,X,1634,X,X,X,X
33.835108,R,X,X,1814,1610,1415,1304,1209,1105,X,X,X,1484,1332,1236,1148,1087,X,X,1571,1446,1370,1209,1143,1070,X,X,1581,1401,1293,1203,1123,1057,X,X,1570,1403,1270,1189,1124,1053,X,X,1540,1391,1283,1177,1108,1054,X,1824,1572,1411,1272,1198,1120,1045,X,X,1575,1437,1256,X,1008,X
33.873461,U,1589,153,66,1587,1550,1482,1502,1556,1526,1476,1486,1550,1557,1530,1526,1560
33.887693,D,1231,1169,1187,1194,1185,X,1167,X,1126,1129,X,1149,X,1142,1152,1149
33.903123,L,X,X,X,X,X,X,X,X,X,X,X,X,16,X,X,X,X,X,X,X,X,X,X,X,X,X,X,X,X,X,X,X,X,X,X,X,X,X,X,X,X,X,X,X,X,X,X,X,X,X,X,X,X,X,X,X,X,X,1574,1607,X,X,X,X
33.941430,R,X,X,1801,1591,1443,1304,1228,1129,X,X,X,1541,1350,1283,1170,1119,X,X,1637,1452,1387,1243,1164,1089,X,X,X,1448,1313,1258,1141,1087,X,X,X,1454,1311,1220,1139,1062,X,X,X,1475,1271,1208,1154,1078,X,1890,X,1440,1312,1221,1133,1072,X,X,1715,1492,1291,1016,949,913
33.979771,U,1619,1572,63,1615,1575,1505,1502,1552,1560,1504,1496,1522,1578,1539,1514,1575
33.994011,D,1168,1247,1209,X,1132,X,1117,X,1149,1102,X,1108,X,1089,1167,1161
34.009434,L,X,X,X,X,X,X,X,X,X,X,X,X,16,X,X,X,X,X,X,X,X,X,X,X,X,X,X,X,X,X,X,X,X,X,X,X,X,X,X,X,X,X,X,X,X,X,X,X,X,X,X,X,X,X,X,X,X,X,1637,X,X,X,X,X
34.047738,R,X,X,1841,X,1443,1317,1264,1211,X,X,X,1546,1371,1299,1203,1138,X,X,1665,X,1397,1243,1188,1101,X,X,X,1475,1342,1273,1165,1107,X,X,X,1478,1340,1234,1157,1078,X,X,X,1476,1334,1252,1170,1087,X,X,X,1437,1319,1225,1154,1092,X,X,1711,1489,1361,938,939,932
34.086085,U,1631,154,63,1674,1566,1532,1551,1613,1556,1502,1518,1585,1578,1536,1539,1598
34.100303,D,734,X,1173,X,X,1137,1115,X,1131,1100,1105,1112,1121,1049,1129,1122
34.115731,L,X,X,X,X,X,X,X,X,X,X,X,X,15,X,X,X,X,X,X,X,X,X,X,X,X,X,X,X,X,X,X,X,X,X,X,X,X,X,X,X,X,X,X,X,X,X,X,X,X,X,X,X,X,X,X,X,X,X,X,X,X,X,X,X
34.154061,R,X,X,X,X,1551,1412,1307,1199,X,X,X,X,1493,1350,1262,1185,X,X,X,1537,X,1331,1225,1147,X,X,X,X,1403,1307,1216,1139,X,X,X,1504,1385,1298,1212,1124,X,X,X,1520,1350,1265,1178,1113,X,X,1685,X,1368,1279,1189,1109,X,X,1720,X,1370,1288,1031,928
34.192389,U,1649,151,62,1656,1603,1538,1535,1620,1555,1518,1538,1574,1570,1540,1555,1582
34.206605,D,746,1202,1121,1166,1126,X,1113,X,1100,1047,X,1108,1058,1032,1050,1075
34.222029,L,X,X,X,X,X,X,X,X,X,X,X,X,14,X,X,X,X,X,X,X,X,X,X,X,X,X,X,X,X,X,X,X,X,X,X,X,X,X,X,X,X,X,X,X,X,X,X,X,X,X,X,X,X,X,X,X,X,X,X,1774,X,X,X,X
34.260320,R,X,X,X,1861,1611,1450,1363,1251,X,X,X,1740,1483,1389,1265,1238,X,X,X,X,1519,1343,1283,1191,X,X,X,1619,1426,1370,1232,1183,X,X,X,1629,1434,1332,1241,1166,X,X,X,1548,1402,1313,1215,1150,X,X,1761,1568,1423,1318,1228,1143,X,X,1763,1576,1443,1331,979,938
34.298691,U,1682,155,59,1691,1606,1546,1585,1606,1596,1505,1539,1593,1593,1554,1561,1596
34.312933,D,776,1184,1125,1143,X,X,1089,X,1089,1060,X,1098,1117,1071,1027,1084
34.328343,L,X,X,X,X,X,X,X,X,X,X,X,X,15,X,X,X,X,X,X,X,X,X,X,X,X,X,X,X,X,X,X,X,X,X,X,X,X,X,X,X,X,X,X,X,X,X,X,X,X,X,X,X,X,X,X,X,X,X,X,X,X,X,X,X
34.366659,R,X,X,X,1833,1649,1494,1381,1315,X,X,X,1789,1606,1446,1324,1261,X,X,X,X,1509,1403,1288,1197,X,X,X,1650,1475,1374,1259,1209,X,X,X,1646,1478,1340,1272,1186,X,X,X,1603,1447,1352,1235,1169,X,1806,X,1595,1436,1336,1241,1169,X,X,1796,1635,1449,1335,1237,963
34.405003,U,1660,146,66,1663,1597,1557,1556,1622,1588,1527,1531,1585,1613,1558,1559,1621
34.419225,D,777,1171,1165,1186,1136,X,1040,1072,X,1060,1047,1100,1061,1035,1058,1074
34.448791,L,X,X,X,X,X,X,X,X,X,X,X,X,16,X,X,X,X,X,X,X,X,X,X,X,X,X,X,X,X,X,X,X,X,X,X,X,X,X,X,X,X,X,X,X,X,X,X,X,X,X,X,X,X,X,X,X,X,1714,1684,X,X,X,X,X
34.487136,R,X,X,X,X,1652,1525,1421,1294,X,X,X,X,1587,1457,1355,1271,X,X,X,1784,1546,1419,1349,1250,X,X,X,1696,1535,1411,1286,1226,X,X,1816,1706,1484,1395,1289,1221,X,X,X,1715,1489,1409,1292,1222,X,X,X,1646,1537,1392,1304,1211,X,X,1592,1688,1466,1395,1297,900
34.525504,U,X,160,65,1656,1617,1549,1537,1595,1594,1527,1524,1561,1610,1553,1554,1594
34.539717,D,1195,X,1178,1155,1122,X,1140,X,X,1038,X,1147,1002,839,X,1132
34.555113,L,X,X,X,X,X,X,X,X,X,X,X,X,16,X,X,X,X,X,X,X,X,X,X,X,X,X,X,X,X,X,X,X,X,X,X,97,X,X,X,X,X,X,X,X,X,X,X,X,X,X,X,X,X,X,X,X,X,1611,X,X,X,X,X,X
34.593432,R,X,X,X,X,1723,1538,1451,1360,X,X,X,1810,1614,1516,1391,1324,X,X,X,1725,1631,1480,1370,1283,X,X,X,1804,1584,1458,1329,1280,X,X,X,1716,1559,1464,1343,1252,X,X,X,1746,1539,1458,1335,1269,X,X,X,1708,1596,1414,1351,1259,X,X,X,1769,1577,1452,1353,980
34.631764,U,1672,149,65,1619,1593,1535,1532,1573,1589,1518,1519,1550,1590,1552,1540,1599
34.645991,D,X,1138,X,1158,X,X,1089,1158,1071,1020,X,1110,X,767,X,1106
34.661405,L,X,X,X,X,X,X,X,X,X,X,X,X,15,X,X,X,X,X,X,X,X,X,X,X,X,X,X,X,X,X,X,X,X,X,X,X,X,X,X,X,X,X,X,X,X,X,X,X,X,X,X,X,X,X,X,X,X,X,X,X,X,X,2252,X
34.699684,R,X,X,X,X,1729,1575,1456,1390,X,X,X,1862,1637,1503,1406,1326,X,X,X,X,1626,1435,1404,1306,X,X,X,1789,1605,1480,1385,1301,X,X,1905,1761,1615,1468,1357,1279,X,X,X,1742,1570,1470,1361,1277,X,X,X,1674,1602,1473,1341,1274,X,X,X,X,1551,1506,1376,1303
34.738010,U,1651,152,64,1597,1582,1518,1523,1577,1587,1505,1509,1561,1612,1542,1544,1591
34.752220,D,1192,1203,1166,X,1107,1088,X,1188,X,X,X,1136,735,728,715,1108
34.767620,L,X,X,X,X,X,X,X,X,X,X,X,X,16,X,X,X,X,X,X,X,X,X,X,X,X,X,X,X,X,X,X,X,X,X,X,X,X,X,X,X,X,X,X,X,X,X,X,X,X,X,X,X,X,X,X,X,X,1727,X,X,X,X,X,X
34.805918,R,X,X,X,1950,1786,1644,1522,1423,X,X,X,X,1695,1594,1459,1390,X,X,X,X,1646,1491,1443,1330,X,X,X,1829,1659,1546,1424,1342,X,X,X,1860,1678,1532,1398,1321,X,X,X,1783,1633,1529,1413,1340,X,X,X,1576,1609,1552,1417,1323,X,X,1632,X,1673,1538,1414,1349
34.844258,U,1622,155,64,1623,1560,1504,1519,1589,1569,1506,1520,1547,1596,1557,1540,1591
34.858475,D,1198,X,1176,X,X,1056,X,1133,X,X,X,1093,729,717,721,1115
34.873871,L,X,X,X,X,X,X,X,X,X,X,X,X,16,X,X,X,X,X,X,X,X,X,X,X,X,X,X,X,X,X,X,X,X,X,X,X,X,X,X,X,X,X,X,X,X,X,X,X,X,X,X,X,X,X,X,X,X,1760,X,X,X,X,X,X
34.912158,R,X,X,X,X,1950,1737,1593,1508,X,X,X,X,1829,1642,1524,1443,X,X,X,X,1775,1638,1513,1414,X,X,X,1882,1716,1611,1464,1410,X,X,X,1923,1739,1591,1460,1374,X,X,X,1783,1714,1559,1455,1372,X,X,X,1843,1722,1574,1442,1352,X,X,X,X,1707,1587,1462,1369
34.950507,U,1619,154,64,1633,1568,1509,1512,1582,1551,1502,1530,1566,1576,1543,1546,1594
34.964712,D,X,X,1146,X,X,X,1009,1120,X,X,1065,1098,725,704,710,X
34.980097,L,X,X,X,X,X,X,X,X,X,X,X,X,16,X,X,X,X,X,X,X,X,X,X,X,X,X,X,X,X,X,X,X,X,X,X,X,X,X,X,X,X,X,X,X,X,X,X,X,X,X,X,X,X,X,X,X,X,1776,X,X,X,X,X,X
35.018382,R,X,X,X,X,1935,1746,1630,1497,X,X,X,X,1838,1703,1547,1486,X,X,X,X,1812,1664,1518,1426,X,X,X,1931,1697,1624,1515,1417,X,X,X,1958,1752,1600,1484,1392,X,X,X,1877,1733,1618,1457,1415,X,X,X,1665,1714,1600,1474,1383,X,X,X,X,1660,1632,1472,1392
35.056702,U,1643,162,64,1633,1575,1513,1516,1582,1577,1519,1519,1573,1591,1561,1540,1588
35.085700,D,X,X,1145,X,1139,1076,980,X,707,698,687,1102,714,693,697,1110
35.101192,L,X,X,X,X,X,X,X,X,X,X,X,X,16,X,X,X,X,X,X,X,X,X,X,X,X,X,X,X,X,X,X,X,X,X,X,X,X,X,X,X,X,X,X,X,X,X,X,X,X,X,X,X,X,X,X,X,X,1857,X,X,X,X,X,X
35.139519,R,X,X,X,2417,2055,1771,1667,1573,X,X,X,X,1909,1801,1609,1521,X,X,X,X,1872,1706,1599,1450,X,X,X,X,1852,1704,1560,1448,X,X,X,1942,1846,1690,1561,1436,X,X,X,X,1810,1681,1527,1440,X,X,X,X,X,1670,1547,1426,X,X,X,X,1564,1663,1541,1448
35.177877,U,1647,151,65,1648,1599,1531,1526,1589,1561,1502,1519,1590,1589,1540,1532,1605
35.192088,D,X,1126,1165,X,1116,X,X,1115,697,687,680,1116,721,697,691,1108
35.207519,L,X,X,X,X,X,X,X,X,X,X,X,X,15,X,X,X,X,X,X,X,X,X,X,X,X,X,X,X,X,X,X,X,X,X,X,X,X,X,X,X,X,X,X,X,X,X,X,X,X,X,X,X,X,X,X,X,X,1860,X,X,X,X,X,X
35.245840,R,X,X,X,X,2134,1887,1741,1618,X,X,X,X,1955,1837,1674,1568,X,X,X,X,X,1783,1662,1538,X,X,X,2160,1884,1782,1612,1509,X,X,X,X,1927,1746,1613,1495,X,X,X,X,1852,1732,1590,1507,X,X,X,X,X,1712,1613,1489,X,X,X,X,X,1668,1608,1514
35.299871,U,1651,158,61,1622,1595,1525,1515,1581,1564,1508,1514,1566,1600,1551,1549,1590
35.314107,D,X,X,1175,1174,1184,X,1073,1140,700,687,690,1137,718,700,701,1120
35.329519,L,X,X,X,X,X,X,X,X,X,X,X,X,15,X,X,X,X,X,X,X,X,X,X,X,X,X,X,X,X,X,X,X,X,X,X,X,X,X,X,X,X,X,X,X,X,1815,X,X,X,X,X,X,X,X,X,X,X,X,X,X,X,X,X,X
35.367835,R,X,X,X,X,X,1981,1817,1603,X,X,X,X,1936,1907,1688,1630,X,X,X,X,2076,1868,1685,1592,X,X,X,X,1950,1791,1670,1580,X,X,X,X,2009,1785,1656,1559,X,X,X,X,1862,X,1659,1560,X,X,X,2204,X,1610,1662,1548,X,X,1785,X,X,1579,1661,1556
35.406164,U,1629,157,66,1623,1560,1490,1499,1577,1545,1496,1502,1569,1573,1528,1540,1604
35.420387,D,1193,X,1137,X,X,700,X,X,716,694,689,1091,723,703,704,1142
35.435777,L,X,X,X,X,X,X,X,X,X,X,X,X,16,X,X,X,X,X,X,X,X,X,X,X,X,X,X,X,X,X,X,X,X,X,X,X,X,X,X,X,X,X,X,X,X,X,X,X,X,X,X,X,X,X,X,X,X,X,X,X,X,X,X,X
35.474075,R,X,X,X,X,2296,1992,1862,1699,X,X,X,X,X,1968,1786,1646,X,X,X,X,2070,1887,X,1627,X,X,X,X,2050,X,1732,1602,X,X,X,2324,2020,1807,1690,1579,X,X,X,X,1996,X,1670,1569,X,X,X,2257,X,1633,1698,1558,X,X,1713,X,X,1635,1704,1584
35.512398,U,1626,150,60,1628,1573,1508,1505,1559,1540,1482,1494,1557,1568,1538,1530,1590
35.526602,D,1204,X,1185,1158,705,714,690,X,727,700,699,1057,722,705,696,1113
35.542012,L,X,X,X,X,X,X,X,X,X,X,X,X,14,X,X,X,X,X,X,X,X,X,X,X,X,X,X,X,X,X,X,X,X,X,X,X,X,X,X,X,X,X,X,X,X,X,X,X,X,X,X,X,X,X,X,X,X,X,X,X,X,X,X,X
35.580300,R,X,X,X,2638,X,2058,1920,1768,X,X,X,X,2204,X,1817,1711,X,X,X,X,2077,1949,1795,1657,X,X,X,X,X,1933,X,1642,X,X,X,X,X,1855,1740,1622,X,X,X,X,2100,X,1735,1628,X,X,X,X,X,X,1676,1605,X,X,X,X,X,1683,1686,1634
35.618639,U,1621,156,63,1624,1557,1505,1517,1574,1553,1468,1480,1551,1590,1531,1522,1589
35.632839,D,1191,1129,1133,X,728,715,702,1141,726,697,697,1122,716,709,695,1099
35.648218,L,X,X,X,X,X,X,X,X,X,X,X,X,17,X,X,X,X,X,X,X,X,X,X,X,X,X,X,X,X,X,X,X,X,X,X,X,X,X,X,X,X,X,X,X,X,X,X,X,X,X,X,X,X,X,X,X,X,X,X,X,X,X,X,X
35.686520,R,X,X,X,2818,X,2120,1953,X,X,X,X,X,X,2062,1885,1755,X,X,X,X,X,1990,1848,1698,X,X,X,X,X,X,1778,1691,X,X,X,X,X,1952,1800,1683,X,X,X,X,2201,X,1773,1670,X,X,X,X,2148,1788,X,1666,X,X,X,X,X,1726,1637,1689
35.724854,U,1624,153,65,1635,1566,1494,1505,1567,1554,1499,1495,1551,1575,1542,1545,1580
35.739062,D,1235,X,1204,1149,727,713,705,1204,721,700,699,1093,704,697,683,1118
35.754444,L,X,X,X,X,X,X,X,X,X,X,X,X,15,X,X,X,X,X,X,X,X,X,X,X,X,X,X,X,X,X,X,X,X,X,X,X,X,X,X,X,X,X,X,X,X,X,X,X,X,X,X,X,X,X,X,X,X,X,X,X,X,X,X,X
35.792738,R,X,X,X,X,X,2173,1970,X,X,X,X,X,X,2110,1900,1793,X,X,X,X,X,X,1917,1723,X,X,X,X,X,2035,X,1726,X,X,X,X,X,X,1830,1673,X,X,X,X,X,1991,1788,1703,X,X,X,X,2220,X,X,1669,X,X,X,X,X,1717,1649,1697
35.831087,U,X,162,66,1641,1583,1506,1518,1568,1555,1501,1493,1558,1588,1546,1548,1587
35.845291,D,1203,721,1188,X,723,703,708,1156,710,696,686,1095,X,682,X,1096
35.860676,L,X,X,X,X,X,X,X,X,X,X,X,X,16,X,X,X,X,X,X,X,X,X,X,X,X,X,X,X,X,X,X,X,X,X,X,X,X,X,X,X,X,X,X,X,X,X,X,X,X,X,X,X,X,X,X,X,X,X,X,X,X,X,X,X
35.898956,R,X,X,X,X,2503,2237,2010,1888,X,X,X,X,X,X,1955,1814,X,X,X,X,X,X,X,1749,X,X,X,X,X,2060,1904,1748,X,X,X,X,X,2095,1852,1727,X,X,X,X,2232,X,1818,1725,X,X,X,X,X,X,1730,1726,X,X,X,X,X,X,1631,1738
35.937301,U,1647,142,65,1631,1590,1528,1521,1574,1567,1501,1509,1557,1589,1549,1550,1604
35.951533,D,733,728,707,1206,725,714,699,X,708,687,685,1126,1111,681,1023,1064
35.966928,L,X,X,X,X,X,X,X,X,X,X,X,X,16,X,X,X,X,X,X,X,X,X,X,X,X,X,X,X,X,X,X,X,X,X,X,X,X,X,X,X,X,X,X,X,X,X,X,X,X,X,X,X,X,X,X,X,X,X,X,X,X,X,X,X
36.005256,R,X,X,X,X,2439,2203,2030,1884,X,X,X,X,X,X,1932,1823,X,X,X,X,X,X,X,1808,X,X,X,X,X,2064,1922,1766,X,X,X,X,X,2027,1862,1766,X,X,X,X,X,2102,1894,1730,X,X,X,X,X,X,1755,1688,X,X,X,X,X,X,1678,1751
36.043589,U,1647,161,59,1632,1592,1503,1527,1585,1578,1510,1500,1547,1595,1538,1529,1576
36.057794,D,740,746,726,X,727,706,702,1131,700,683,685,1083,1125,1019,1005,1088
36.073194,L,X,X,X,X,X,X,X,X,X,X,X,X,16,X,X,X,X,X,X,X,X,X,X,X,X,X,X,X,X,X,X,X,X,X,X,X,X,X,X,X,X,X,X,X,X,X,X,X,X,X,X,X,X,X,X,X,X,X,X,X,X,X,X,X
36.127367,R,X,X,X,X,2493,2275,2038,1966,X,X,X,X,X,2186,1987,1856,X,X,X,X,X,X,X,1800,X,X,X,X,X,X,X,1789,X,X,X,X,X,2005,1895,1772,X,X,X,X,X,X,1826,1760,X,X,X,X,X,X,1748,1744,X,X,X,X,X,X,1629,1760
36.165725,U,1637,144,69,1628,1586,1543,1515,1580,1569,1500,1500,1557,1586,1527,1524,1572
36.180034,D,751,746,726,X,734,703,709,1143,692,689,683,1087,1125,1051,1077,1070
36.195483,L,X,X,X,X,X,X,X,X,X,X,X,X,17,X,X,X,X,X,X,X,X,X,X,X,X,X,X,X,X,X,X,X,X,X,X,X,X,X,X,X,X,X,X,X,X,X,X,X,X,X,X,X,X,X,X,X,X,X,X,X,X,X,X,X
36.233776,R,X,X,X,2768,X,2257,2074,X,X,X,X,X,X,X,2002,1902,X,X,X,X,2353,X,X,1833,X,X,X,X,X,X,X,1811,X,X,X,X,X,X,1923,1793,X,X,X,X,2324,X,1862,1775,X,X,X,X,X,X,1747,1716,X,X,X,X,1754,X,1703,1766
36.272103,U,1636,148,61,1632,1581,1522,1508,1577,1553,1493,1485,1559,1579,1525,1523,1569
36.286322,D,764,761,749,X,734,711,707,1127,X,689,691,1086,1121,X,1049,1133
36.301720,L,X,X,X,X,X,X,X,X,X,X,X,X,15,X,X,X,X,X,X,X,X,X,X,X,X,X,X,X,X,X,X,X,X,X,X,X,X,X,X,X,X,X,X,X,X,X,X,X,X,X,X,X,X,X,X,X,X,X,X,X,X,X,X,X
36.340035,R,X,X,X,X,X,2304,2158,X,X,X,X,X,X,2219,2030,1894,X,X,X,X,X,X,X,1875,X,X,X,X,X,2088,1943,1836,X,X,X,X,X,2084,1940,1836,X,X,X,X,X,2056,1914,1833,X,X,X,X,X,X,1801,1725,X,X,X,X,X,X,1715,1846
36.378357,U,1613,156,59,1676,1561,1525,1522,1583,1562,1491,1486,1552,1579,1525,1542,1594
36.408421,D,769,759,747,X,741,710,709,X,X,X,1053,1084,1096,1043,1122,1109
36.423934,L,X,X,X,X,X,X,X,X,X,X,X,X,16,X,X,X,X,X,X,X,X,X,X,X,X,X,X,X,X,X,X,X,X,X,X,X,X,X,X,X,X,X,X,X,X,X,X,X,X,X,X,X,X,X,X,X,X,X,X,X,X,X,X,X
36.462278,R,X,X,X,X,X,2348,2142,X,X,X,X,X,X,X,2074,1969,X,X,X,X,X,2164,X,1884,X,X,X,X,X,2199,1956,1878,X,X,X,X,X,2051,X,1844,X,X,X,X,X,X,1921,1817,X,X,X,X,X,X,1801,1711,X,X,X,X,X,X,1763,1770
36.500611,U,1625,152,61,1680,1572,1506,1526,1597,1544,1498,1503,1568,1574,1532,1525,1616
36.514835,D,764,755,756,1192,732,717,715,X,X,1012,1081,1079,1150,1069,1098,1068
36.530249,L,X,X,X,X,X,X,X,X,X,X,X,X,16,X,X,X,X,X,X,X,X,X,X,X,X,X,X,X,X,X,X,X,X,X,X,X,X,X,X,X,X,X,X,X,X,X,X,X,X,X,X,X,X,X,X,X,X,X,X,X,X,X,X,X
36.568545,R,X,X,X,X,X,X,2218,X,X,X,X,X,X,2272,2112,1984,X,X,X,X,X,2175,2095,1907,X,X,X,X,X,X,2013,1927,X,X,X,X,X,2141,1995,1861,X,X,X,X,X,X,1955,1867,X,X,X,2484,X,2078,1803,1722,X,X,X,X,X,2090,1774,1728
36.606888,U,1629,150,66,1701,1559,1519,1527,1604,1551,1496,1520,1587,1556,1520,1533,1591
36.621099,D,770,752,749,X,X,727,753,X,X,1015,1082,1038,1105,1050,1061,1086
36.636538,L,X,X,X,X,X,X,X,X,X,X,X,X,15,X,X,X,X,X,X,X,X,X,X,X,X,X,X,X,X,X,X,X,X,X,X,X,X,X,X,X,X,X,X,X,X,X,X,X,X,X,X,X,X,X,X,X,X,X,X,X,X,X,X,X
36.674860,R,2923,X,X,X,X,X,2231,X,X,X,X,X,X,2303,2127,1998,X,X,X,X,X,X,X,1955,X,X,X,X,X,X,X,1922,X,X,X,X,X,X,2050,1879,X,X,X,2524,X,X,2002,1885,X,X,X,X,X,2142,1902,1739,X,X,X,X,X,X,1802,1678
36.713179,U,1642,155,62,1688,1580,1539,1563,1574,1561,1504,1501,1562,1597,1534,1536,1577
36.727399,D,761,747,753,X,X,750,X,X,X,X,X,X,X,X,X,X
36.742814,L,X,X,X,X,X,X,X,X,X,X,X,X,17,X,X,X,X,X,X,X,X,X,X,X,X,X,X,X,X,X,X,X,X,X,X,X,X,X,X,X,X,X,X,X,X,X,X,X,X,X,X,X,X,X,X,X,X,X,X,X,X,X,X,X
36.781067,R,X,X,X,X,X,2372,2215,X,X,X,X,X,X,X,2119,2024,X,X,X,X,X,X,X,1984,X,X,X,X,X,X,X,1923,X,X,X,X,X,X,X,1920,X,X,X,X,X,X,1996,1909,X,X,X,X,X,2170,1969,1750,X,X,X,X,X,X,X,X
36.819350,U,1663,152,67,1712,1598,1535,1549,1627,1560,1517,1498,1573,1568,1538,1547,1608
36.833564,D,768,747,757,X,X,X,X,X,X,X,X,X,X,X,X,X
36.848995,L,X,X,X,X,X,X,X,X,X,X,X,X,16,X,X,X,X,X,X,X,X,X,X,X,X,X,X,X,X,X,X,X,X,X,X,X,X,X,X,X,X,X,X,X,X,X,X,X,X,X,X,X,X,X,X,X,X,2093,X,X,X,X,X,X
36.887332,R,X,X,X,X,X,X,2307,X,X,X,X,X,X,X,2170,2051,X,X,X,X,X,2224,X,2016,X,X,X,X,X,2193,X,1985,X,X,X,X,X,X,2087,1960,X,X,X,X,X,X,2067,1936,X,X,X,X,X,X,2060,1784,X,X,X,X,X,X,X,X
36.925667,U,1639,145,67,1672,1596,1530,1541,1649,1559,1510,1535,1589,1579,1545,1548,1609
36.939884,D,785,766,774,X,X,956,984,1102,1098,1049,984,1095,1060,704,947,1048
36.955289,L,X,X,X,X,X,X,X,X,X,X,X,X,16,X,X,X,X,X,X,X,X,X,X,X,X,X,X,X,X,X,X,X,X,X,X,X,X,X,X,X,X,X,X,X,X,X,X,X,X,X,X,X,X,X,X,X,X,X,X,X,X,X,X,X
36.993620,R,X,X,X,X,X,X,X,X,X,X,X,X,X,X,2209,2090,X,X,X,X,X,X,X,2035,X,X,X,X,X,2312,2089,2024,X,X,X,X,X,2292,2081,1978,X,X,X,X,X,X,2095,1972,X,X,X,X,X,2260,2100,1842,X,X,X,X,X,X,1990,X
37.048191,U,1661,160,66,1659,1599,1549,1571,1649,1564,1503,1530,1585,1576,1534,1533,1611
37.062446,D,799,775,781,1144,X,1072,1056,X,X,925,1010,1091,656,640,659,1063
37.077830,L,X,X,X,X,X,X,X,X,X,X,X,X,16,X,X,X,X,X,X,X,X,X,X,X,2014,X,X,X,X,X,X,X,X,X,X,X,X,X,X,X,X,X,X,X,X,X,X,X,X,X,X,X,X,X,X,X,X,X,X,X,X,X,X,X
37.116110,R,X,X,X,X,X,X,X,X,X,X,X,X,X,X,2204,2121,X,X,X,X,X,X,X,2047,X,X,X,X,X,2338,2169,2039,X,X,X,X,X,2272,2107,1994,X,X,X,X,X,X,2120,1963,X,X,X,X,X,X,2094,1833,X,X,X,X,X,X,2079,X
37.154426,U,1653,147,65,1734,1607,1549,1589,1650,1565,1515,1537,1604,1587,1535,1545,1615
37.168636,D,814,788,789,1134,X,990,1031,X,1088,1023,951,1079,640,629,643,1057
37.184030,L,X,X,X,X,X,X,X,X,X,X,X,X,16,X,X,X,X,X,X,X,X,X,X,X,X,X,X,X,X,X,X,X,X,X,X,X,X,X,X,X,X,X,X,X,X,X,X,X,X,X,X,X,X,X,X,X,X,X,X,X,X,X,X,X
37.222299,R,X,X,X,X,X,2585,X,X,X,X,X,X,2670,X,X,2134,X,X,X,X,X,X,X,2093,X,X,X,X,X,X,2104,2056,X,X,X,X,X,X,2136,2008,X,X,X,X,X,X,2186,2011,X,X,X,X,X,X,2147,1861,X,X,X,X,X,X,2111,X
37.260610,U,1672,144,61,1728,1616,1548,1588,1658,1578,1531,1563,1615,1585,1548,1546,1620
37.274874,D,1170,813,871,1154,1130,1087,1048,1158,1031,1032,1005,1083,632,607,611,1041
37.290281,L,X,X,X,X,X,X,X,X,X,X,X,X,15,X,X,X,X,X,X,X,X,X,X,X,2040,X,X,X,X,X,X,X,X,X,X,X,X,X,X,X,X,X,X,X,X,X,X,X,X,X,X,X,X,X,X,X,X,X,X,X,X,X,X,X
37.328568,R,X,X,X,X,X,X,X,X,X,X,X,X,X,X,2343,2194,X,X,X,X,X,X,X,2127,X,X,X,X,X,X,X,2092,X,X,X,X,X,X,2177,2046,X,X,X,X,X,X,2148,2055,X,X,X,X,X,2290,2173,1910,X,X,X,X,X,X,X,X
37.366885,U,1685,153,64,1742,1609,1552,1586,1676,1566,1538,1558,1624,1582,1557,1547,1616
37.381085,D,1268,905,1003,1152,X,1109,997,1071,1127,609,1038,1060,616,598,592,1061
37.396484,L,X,X,X,X,X,X,X,X,X,X,X,X,15,X,X,X,X,X,X,X,X,X,X,X,X,X,X,X,X,X,X,X,X,X,X,X,X,X,X,X,X,X,X,X,X,X,X,X,X,X,X,X,X,X,X,X,X,X,X,X,X,X,X,X
37.434766,R,X,X,X,X,X,X,X,X,X,X,X,X,X,X,X,2226,X,X,X,X,X,X,2258,2187,X,X,X,X,X,X,X,2119,X,X,X,X,X,2436,2201,2079,X,X,X,X,X,X,2196,2074,X,X,X,X,X,2316,2164,1942,X,X,X,X,X,X,2115,X
37.473090,U,1675,150,63,X,1602,1551,1588,1679,1571,1555,1585,1627,1584,1559,1578,1631
37.487295,D,X,959,1057,1097,X,988,1057,1103,1061,606,X,1065,613,594,587,1024
37.502685,L,X,X,X,X,X,X,X,X,X,X,X,X,16,X,X,X,X,X,X,X,X,X,X,X,X,X,X,X,X,X,X,X,X,X,X,X,X,X,X,X,X,X,X,X,X,X,X,X,X,X,X,X,X,X,X,X,X,X,X,X,X,X,X,X
37.540963,R,X,X,X,X,X,2670,2548,X,X,X,X,X,X,X,2336,2304,X,X,X,X,X,X,X,2198,X,X,X,X,X,2457,2262,2146,X,X,X,X,X,2400,2222,2142,X,X,X,X,X,X,2220,2093,X,X,X,X,X,2338,2212,1992,X,X,X,X,X,X,2168,X
37.579292,U,1684,159,66,1725,1610,1568,1584,1654,1597,1538,1573,1641,1577,1552,1554,1625
37.593512,D,1189,1033,1129,1154,1086,1066,X,1024,596,587,588,1045,607,583,576,578
37.608919,L,X,X,X,X,X,X,X,X,X,X,X,X,17,X,X,X,X,X,X,X,X,X,X,X,X,X,X,X,X,X,X,X,X,X,X,X,X,X,X,X,X,X,X,X,X,X,X,X,X,X,X,X,X,X,X,X,X,X,X,X,X,X,X,X
37.647231,R,X,X,X,X,X,X,X,X,X,X,X,X,X,X,X,2276,X,X,X,X,X,X,X,2239,X,X,X,X,X,X,2265,2169,X,X,X,X,X,X,2264,2160,X,X,X,X,X,X,2294,2130,X,X,X,X,X,X,2273,2067,X,X,X,X,X,1766,2221,X
37.685568,U,1690,145,62,X,1631,1592,1607,1669,1592,1570,1568,1639,1613,1551,1567,1641
37.711313,D,1109,1063,1132,1146,1068,998,1060,1074,584,579,578,1025,599,579,575,573
37.726835,L,X,X,X,X,X,X,X,X,X,X,X,X,17,X,X,X,X,X,X,X,X,X,X,X,X,X,X,X,X,X,X,X,X,X,X,X,X,X,X,X,X,X,X,X,X,X,X,X,X,X,X,X,X,X,X,X,X,X,X,X,X,X,X,X
37.765138,R,X,X,X,X,X,X,X,X,X,X,X,X,X,X,2424,2296,X,X,X,X,X,X,X,2256,X,X,X,X,X,X,2355,2207,X,X,X,X,X,X,2267,2173,X,X,X,X,X,X,2272,2143,X,X,X,X,X,2384,2250,X,X,X,X,X,X,1807,X,X
37.803549,U,1762,148,62,1729,1685,1602,1610,1678,1621,1560,1562,1654,1626,1560,1558,1601
37.817814,D,X,1120,1142,1177,1061,X,996,X,579,561,560,1068,579,559,564,1025
37.833221,L,X,X,X,X,X,X,X,X,X,X,X,X,16,X,X,X,X,X,X,X,X,X,X,X,X,X,X,X,X,X,X,X,X,X,X,X,X,X,X,X,X,X,X,X,X,X,X,X,X,X,X,X,X,X,X,X,X,X,X,X,X,X,X,X
37.871522,R,X,X,X,X,X,X,X,X,X,X,X,X,X,X,X,2323,X,X,X,X,X,X,X,2251,X,X,X,X,X,X,2372,2211,X,X,X,X,X,X,2273,2213,X,X,X,X,X,X,2325,2155,X,X,X,X,X,2479,2288,2113,X,X,X,X,X,1800,X,X
37.909817,U,1731,152,60,X,1677,1611,1613,1670,1630,1557,1583,1617,1623,1576,1593,1617
37.924061,D,1148,1078,1133,X,580,561,X,1083,577,555,555,1034,575,558,558,1054
37.951221,L,X,X,X,X,X,X,X,X,X,X,X,X,17,X,X,X,X,X,X,X,X,X,X,X,X,X,X,X,X,X,X,X,X,X,X,X,X,X,X,X,X,X,X,X,X,X,X,X,X,X,X,X,X,X,X,X,X,X,X,X,X,X,X,X
37.989567,R,X,X,X,X,X,X,2536,X,X,X,X,X,X,X,2511,2400,X,X,X,X,X,X,2430,2293,X,X,X,X,X,X,X,2255,X,X,X,X,X,2481,2373,2214,X,X,X,X,X,X,X,2191,X,X,X,X,X,2408,2304,2169,X,X,X,X,X,1830,X,X
38.027869,U,1751,154,65,1742,1667,1612,1614,1698,1616,1564,1571,1638,1633,1577,1593,1626
38.042093,D,1132,1144,1135,X,572,568,554,1076,577,556,558,1065,578,555,555,1050
38.057488,L,X,X,X,X,X,X,X,X,X,X,X,X,16,X,X,X,X,X,X,X,X,X,X,X,X,X,X,X,X,X,X,X,X,X,X,X,X,X,X,X,X,X,X,X,X,X,X,X,X,X,X,X,X,X,X,X,X,X,X,X,X,X,X,X
38.095764,R,X,X,X,X,X,X,2631,X,X,X,X,X,X,X,X,2386,X,X,X,X,X,X,X,2279,X,X,X,X,X,X,X,2272,X,X,X,X,X,X,2398,2238,X,X,X,X,X,X,X,2227,X,X,X,X,X,X,2296,2212,X,X,X,X,X,X,X,X
38.134076,U,1729,150,65,1773,1656,1616,1615,1686,1619,1574,1598,1636,1621,1587,1580,1651
38.148303,D,1130,X,1149,1048,591,569,567,X,579,563,555,562,578,559,558,1102
38.163687,L,X,X,X,X,X,X,X,X,X,X,X,X,16,X,X,X,X,X,X,X,X,X,X,X,X,X,X,X,X,X,X,X,X,X,X,X,X,X,X,X,X,X,X,X,X,X,X,X,X,X,X,X,X,X,X,X,X,X,X,X,X,X,X,X
38.201978,R,X,X,X,X,X,X,2613,X,X,X,X,X,X,X,X,2391,X,X,X,X,X,X,X,2304,X,X,X,X,X,X,X,2303,X,X,X,X,X,X,X,2234,X,X,X,X,X,X,X,2234,X,X,X,X,X,X,2334,2208,X,X,X,X,X,X,1826,X
38.240274,U,1730,152,64,1769,1662,1622,1611,1695,1624,1564,1597,1660,1610,1581,1598,1638
38.254500,D,1194,590,1156,X,591,582,575,1000,576,561,563,555,574,557,556,955
38.269891,L,X,X,X,X,X,X,X,X,X,X,X,X,14,X,X,X,X,X,X,X,X,X,X,X,X,X,X,X,X,X,X,X,X,X,X,X,X,X,X,X,X,X,X,X,X,X,X,X,X,X,X,X,X,X,X,X,X,X,X,X,X,X,X,X
38.308165,R,X,X,X,X,X,X,X,X,X,X,X,X,X,X,X,2421,X,X,X,X,X,X,X,2381,X,X,X,X,X,X,X,2327,X,X,X,X,X,X,2377,2289,X,X,X,X,X,X,X,2264,X,X,X,X,X,X,2327,2252,X,X,X,X,X,X,1802,X
38.346447,U,1704,148,67,X,1644,1623,1617,1705,1598,1559,1573,1648,1630,1567,1600,1643
38.360666,D,X,599,1185,1125,603,576,578,1021,580,566,563,562,569,570,555,1007
38.376044,L,X,X,X,X,X,X,X,X,X,X,X,X,16,X,X,X,X,X,X,X,X,X,X,X,X,X,X,X,X,X,X,X,X,X,X,X,X,X,X,X,X,X,X,X,X,X,X,X,X,X,X,X,X,X,X,X,X,X,X,X,X,X,X,X
38.414315,R,X,X,X,X,X,X,X,X,X,X,X,X,X,X,X,2440,X,X,X,X,X,X,X,2365,X,X,X,X,X,X,X,2342,X,X,X,X,X,X,2395,2297,X,X,X,X,X,X,2381,2261,X,X,X,X,X,X,2380,2267,X,X,X,X,X,X,1854,X
38.452619,U,1720,144,64,1742,1642,1600,1597,1657,1581,1562,1560,1677,1597,1561,1602,1643
38.466845,D,616,614,600,X,606,588,575,574,585,567,566,557,1080,560,549,1015
38.482227,L,X,X,X,X,X,X,X,X,X,X,X,X,15,X,X,X,X,X,X,X,X,X,X,X,X,X,X,X,X,X,X,X,X,X,X,X,X,X,X,X,X,X,X,X,X,X,X,X,X,X,X,X,X,X,X,X,X,X,X,X,X,X,X,X
38.520532,R,X,X,X,X,X,X,2645,2625,X,X,X,X,X,X,X,2485,X,X,X,X,X,2727,X,2392,X,X,X,X,X,X,X,2346,X,X,X,X,X,X,2466,2333,X,X,X,X,X,X,X,2293,X,X,X,X,X,X,2407,2280,X,X,X,X,X,X,1861,X
38.558878,U,1719,154,63,807,1643,1613,1605,1683,1609,1546,1586,1658,1611,1584,1599,1655
38.573091,D,617,618,604,X,598,572,583,583,580,562,555,560,1082,551,561,991
38.588485,L,X,X,X,X,X,X,X,X,X,X,X,X,15,X,X,X,X,X,X,X,X,X,X,X,X,X,X,X,X,X,X,X,X,X,X,X,X,X,X,X,X,X,X,X,X,X,X,X,X,X,X,X,X,X,X,X,X,X,X,X,X,X,X,X
38.626760,R,X,X,X,X,X,X,X,X,X,X,X,X,X,X,X,2536,X,X,X,X,X,X,X,2428,X,X,X,X,X,X,X,2382,X,X,X,X,X,2603,X,2334,X,X,X,X,X,X,X,2346,X,X,X,X,X,X,2438,2327,X,X,X,X,X,X,1885,X
38.665082,U,1747,146,68,714,1674,1644,1603,X,1616,1591,1582,1628,1598,1577,1621,1674
38.679293,D,627,619,610,X,602,571,572,565,569,554,555,1031,1041,X,999,994
38.694685,L,X,X,X,X,X,X,X,X,X,X,X,X,17,X,X,X,X,X,X,X,X,X,X,X,X,X,X,X,X,X,X,X,X,X,X,X,X,X,X,X,X,X,X,X,X,X,X,X,X,X,X,X,X,X,X,X,X,X,X,X,X,X,X,X
38.732984,R,X,X,X,X,X,X,X,X,X,X,X,X,X,X,2648,2535,X,X,X,X,X,X,X,2470,X,X,X,X,X,X,X,2435,X,X,X,X,X,2594,X,2351,X,X,X,X,X,X,X,2339,X,X,X,X,X,X,2427,2314,X,X,X,X,X,X,1857,X
38.771307,U,1740,150,62,707,1660,1621,1624,1712,1613,1577,1575,1686,1615,1587,1596,1678
38.785533,D,621,613,604,577,589,569,555,574,559,545,538,1011,1017,962,974,910
38.800948,L,X,X,X,X,X,X,X,X,X,X,X,X,16,X,X,X,X,X,X,X,X,X,X,X,X,X,X,X,X,X,X,X,X,X,X,X,X,X,X,X,X,X,X,X,X,X,X,X,X,X,X,X,X,X,X,X,X,X,X,X,X,X,X,X
38.839268,R,X,X,X,X,X,X,X,X,X,X,X,X,X,X,X,2584,X,X,X,X,X,X,X,2465,X,X,X,X,X,X,X,2403,X,X,X,X,X,X,X,2396,X,X,X,X,X,X,2489,2355,X,X,X,X,X,X,2447,2356,X,X,X,X,X,X,1905,X
38.889523,U,1755,154,64,626,1685,1647,1654,1711,1640,1610,1592,1667,1626,1589,1621,1698
38.903797,D,629,605,595,1143,581,556,553,570,553,544,539,988,1035,1001,936,911
38.919296,L,X,X,X,X,X,X,X,X,X,X,X,X,15,X,X,134,X,X,X,X,X,X,X,X,X,X,X,X,X,X,X,X,X,X,X,X,X,X,X,337,X,X,X,X,X,X,X,X,X,X,X,X,X,X,X,X,X,X,X,X,X,X,X,X
38.957650,R,X,X,X,X,X,X,X,X,X,X,X,X,X,X,X,2598,X,X,X,X,X,X,X,2503,X,X,X,X,X,X,X,2453,X,X,X,X,X,X,X,2433,X,X,X,X,X,X,2451,2383,X,X,X,X,X,X,2457,2387,X,X,X,X,X,X,1923,X
39.008054,U,1796,147,67,613,1704,1646,1651,648,1670,1596,1610,1657,1638,1586,1609,1679
39.023607,D,617,604,594,X,572,550,549,1057,552,539,545,1011,1018,984,980,X
39.037830,L,X,X,X,X,X,X,X,160,X,X,X,X,17,X,X,174,X,X,X,X,X,X,X,X,X,X,X,X,X,94,248,290,X,X,X,109,X,148,310,294,X,X,X,X,X,X,X,294,X,X,X,X,X,X,X,X,X,X,X,95,X,X,X,X
39.076065,R,X,X,X,X,X,X,X,X,X,X,X,X,X,X,X,X,X,X,X,X,X,X,X,2568,X,X,X,X,X,X,2535,2458,X,X,X,X,X,X,X,2454,X,X,X,X,X,X,2481,2438,X,X,X,X,X,X,2482,2390,X,X,X,X,X,X,1939,X
39.114369,U,1789,151,64,598,1704,1643,1678,1633,1663,1615,1610,1663,1644,1594,1587,1714
39.128613,D,624,601,593,1088,574,551,558,1065,X,563,954,971,983,951,972,837
39.144035,L,X,X,X,X,X,X,X,132,X,X,X,X,16,X,234,259,X,X,X,X,X,X,X,181,X,X,X,X,X,153,X,279,X,X,X,X,99,X,X,284,X,X,X,X,X,187,298,284,X,X,X,X,X,X,X,X,X,X,X,X,X,X,X,X
39.182328,R,X,X,X,X,2976,X,X,X,X,X,X,X,X,X,2713,X,X,X,X,X,X,X,X,2548,X,X,X,X,X,X,X,2492,X,X,X,X,X,X,2535,2447,X,X,X,X,X,X,2455,2413,X,X,X,X,X,X,2463,2417,X,X,X,X,X,X,1952,X
39.220661,U,1795,145,69,614,1733,1653,1637,1737,1663,1608,1604,1638,1645,1616,1586,1675
39.234899,D,620,604,597,1116,570,552,562,1078,X,X,948,1015,972,960,882,X
39.250289,L,X,X,X,X,X,X,X,X,X,X,X,X,18,X,198,167,X,X,86,X,185,X,X,X,X,X,X,141,150,X,X,260,X,X,X,X,X,X,X,266,X,X,X,X,X,X,274,267,X,X,X,93,X,X,X,X,X,X,X,X,X,X,X,X
39.288604,R,X,X,X,X,X,X,X,X,X,X,X,X,X,X,X,2625,X,X,X,X,X,X,2628,2538,X,X,X,X,X,X,2510,2504,X,X,X,X,X,X,X,2451,X,X,X,X,X,2673,X,X,X,X,X,X,2709,X,X,2440,X,X,X,X,X,X,X,X
39.326899,U,X,150,69,577,1706,1648,1638,1758,1667,1621,1601,1649,1641,1608,1602,1651
39.341202,D,619,606,600,X,574,571,584,1074,X,1001,965,954,1027,978,975,X
39.356646,L,X,X,X,X,X,X,X,X,X,X,X,X,16,X,X,X,X,X,X,111,201,X,X,X,X,X,X,X,X,X,X,248,X,X,X,X,X,258,252,250,X,X,X,X,X,X,260,253,X,X,X,X,X,X,X,X,X,X,X,X,X,X,X,X
39.394936,R,X,X,X,X,X,X,X,X,X,X,X,X,X,X,X,2620,X,X,X,X,X,X,X,2576,X,X,X,X,X,X,X,2511,X,X,X,X,X,X,X,2479,X,X,X,X,X,X,X,2402,X,X,X,X,2671,X,X,2476,X,X,X,X,X,X,X,X
39.433271,U,1789,150,68,547,1703,1645,1636,676,1653,1613,1613,1668,1648,1611,1594,1648
39.447506,D,620,601,606,1143,581,581,X,1090,1046,900,987,888,1021,X,987,X
39.462923,L,X,X,X,X,X,X,X,X,X,X,X,X,16,X,X,X,X,X,128,127,206,X,X,X,X,X,X,X,X,X,X,244,X,X,X,X,X,255,247,250,X,X,X,X,X,X,253,249,X,X,X,X,X,X,X,X,X,X,X,X,X,X,X,X
39.501242,R,X,X,X,X,2949,X,2738,X,X,X,X,X,X,X,X,2664,X,X,X,X,X,X,X,2593,X,X,X,X,X,X,X,2545,X,X,X,X,X,X,X,2536,X,X,X,X,X,X,2530,2438,X,X,X,X,X,X,X,X,X,X,X,X,X,2041,X,X
39.539553,U,1781,150,61,1824,1688,1657,1650,656,1659,1606,1623,1683,1658,1609,1593,1661
39.553793,D,621,597,594,1130,586,594,927,X,1014,863,950,907,1039,973,967,X
39.569220,L,X,X,X,X,X,X,X,X,X,X,X,X,15,X,X,X,X,X,X,136,88,X,X,X,X,X,X,X,236,X,242,241,X,X,X,X,X,247,241,243,X,X,X,X,X,X,253,X,X,X,X,X,X,X,X,X,X,X,X,X,X,X,X,X
39.607524,R,X,X,X,X,X,X,X,X,X,X,X,X,X,X,X,2707,X,X,X,X,X,X,X,X,X,X,X,X,X,X,X,2580,X,X,X,X,2658,2607,2550,2535,X,X,X,X,X,X,2511,X,X,X,X,X,X,X,2529,X,X,X,X,X,X,1991,X,X
39.645850,U,1789,144,63,1853,1680,1639,1665,607,1649,1609,1625,1656,1626,1596,1600,1665
39.660083,D,624,598,595,1105,595,592,X,1042,X,X,985,833,995,915,962,X
39.675502,L,X,X,X,X,X,X,X,X,X,X,X,X,17,X,189,X,X,X,181,151,98,X,X,X,X,X,X,X,235,X,X,240,X,X,X,X,247,247,241,245,X,X,X,X,X,X,244,X,X,X,X,202,X,X,X,X,X,X,X,X,X,X,X,X
39.713795,R,X,X,X,X,X,X,X,X,X,X,X,X,X,X,X,2769,X,X,X,X,X,X,X,X,X,X,X,X,X,X,X,2526,X,X,X,X,2662,2650,2553,2562,X,X,X,X,X,X,2507,X,X,X,X,X,X,X,X,X,X,X,X,X,X,2043,X,X
39.752086,U,1783,154,62,1765,1698,1673,1666,1745,1642,1619,1616,657,1634,1620,1603,1658
39.766318,D,620,597,601,1125,604,603,X,X,1084,954,953,X,1045,968,945,X
39.795276,L,X,X,X,X,X,X,X,X,X,X,X,X,16,X,87,X,X,X,X,X,118,X,X,X,X,X,X,X,235,X,237,X,X,X,X,X,242,241,234,X,X,X,X,X,X,X,X,X,X,X,X,X,X,X,X,X,X,X,X,X,X,X,X,X
39.833666,R,X,X,X,X,X,X,X,X,X,X,X,X,X,X,X,X,X,X,X,X,X,2692,X,X,X,X,X,X,X,X,X,2639,X,X,X,X,2670,X,X,2578,X,X,X,X,X,X,2573,X,X,X,X,X,X,2585,X,2343,X,X,X,X,X,2009,X,X
39.871968,U,1799,161,66,1849,1711,1681,1653,1750,1647,1616,1616,1647,1645,1613,1621,1662
39.886205,D,620,597,618,1158,622,644,971,898,973,954,936,X,1007,971,980,X
39.901610,L,X,X,X,X,X,X,X,X,X,X,X,X,16,X,X,X,X,X,X,168,X,X,X,X,X,X,X,X,232,231,X,X,X,X,X,X,236,236,X,X,X,X,X,X,X,X,X,X,X,X,X,X,X,X,X,X,X,X,X,X,X,X,X,X
39.939901,R,X,X,X,X,X,X,X,X,X,X,X,X,X,X,2782,2802,X,X,X,X,X,X,X,2704,X,X,X,X,X,X,X,2616,X,X,X,2711,X,2609,X,2599,X,X,X,X,X,X,X,2581,X,X,X,2676,X,2581,X,2450,X,X,X,X,X,X,X,X
39.978210,U,1779,145,60,X,1698,1662,1653,1716,1642,1618,1618,665,1632,1606,1604,1657
39.992425,D,614,607,634,X,639,700,979,938,X,974,990,X,990,X,936,X
40.007811,L,X,X,X,X,X,X,X,X,X,X,X,X,16,X,X,X,X,X,X,X,X,X,X,X,X,X,X,231,X,X,X,X,X,X,X,X,230,229,222,X,X,X,X,X,X,X,X,X,X,X,X,X,X,X,X,X,X,X,X,X,X,X,X,X
40.046102,R,X,X,X,X,X,X,X,X,X,X,X,X,X,X,X,2801,X,X,X,X,X,X,X,X,X,X,X,2724,X,2699,X,2645,X,X,X,X,2634,2650,X,X,X,X,X,X,2614,X,X,X,X,X,X,2687,X,2612,X,2414,X,X,X,X,X,X,X,X
40.084397,U,1762,151,63,1814,1691,1641,1663,1714,1625,1610,1628,1745,1629,1615,1602,X
40.098611,D,625,609,643,1141,658,X,987,X,1004,971,964,X,989,X,960,X
40.114026,L,X,X,X,X,X,X,X,X,X,X,X,X,16,X,X,X,X,X,X,183,X,X,X,X,X,X,X,220,220,217,X,X,X,X,X,228,221,220,214,X,X,X,X,X,X,X,X,X,X,X,X,X,X,X,X,X,X,X,X,X,X,X,X,X
40.152317,R,X,X,X,X,2988,X,X,X,X,X,X,X,X,X,2854,2904,X,X,X,X,X,X,X,X,X,X,X,X,X,X,X,2685,X,X,X,X,2678,2624,2659,2661,X,X,X,X,2650,X,X,X,X,X,X,X,X,X,X,X,X,X,X,X,X,X,X,X
40.190634,U,1772,157,64,1836,1697,1635,1639,1727,1638,1603,1608,1790,1652,1615,1623,1705
40.204856,D,625,625,1141,X,X,X,1017,X,995,986,909,X,999,X,972,X
40.220245,L,X,X,X,X,X,X,X,X,86,X,X,X,17,X,X,X,X,X,X,188,X,X,X,X,X,X,X,211,214,208,204,X,X,X,X,223,X,X,208,X,X,X,X,X,218,210,X,X,X,X,X,X,X,X,X,X,X,X,X,X,X,X,X,X
40.272198,R,X,X,X,X,X,X,X,X,X,X,X,X,X,X,X,X,X,X,X,X,X,X,X,X,X,X,X,X,X,X,X,2732,X,X,X,X,2652,2597,X,2692,X,X,X,X,2641,X,X,X,X,X,X,X,X,X,X,X,X,X,X,X,X,X,X,X
40.310561,U,1765,149,70,1841,1682,1633,1654,1763,1645,1600,1611,X,1623,1605,1620,600
40.324819,D,643,646,X,X,X,898,1028,1008,1027,984,988,990,1043,968,956,X
40.340236,L,X,X,X,X,X,X,X,X,102,X,X,X,16,X,X,154,X,X,X,187,X,X,X,X,X,X,X,211,X,204,202,X,X,X,X,217,212,209,X,X,X,X,X,X,X,X,X,X,X,X,X,X,X,X,X,X,X,X,X,X,X,X,X,X
40.378553,R,X,X,X,X,X,X,X,X,X,X,X,X,X,X,X,X,X,X,X,X,X,X,X,X,X,X,X,2744,X,X,X,X,X,X,X,X,2653,X,X,X,X,X,X,X,2617,X,X,X,X,X,X,2655,X,X,X,2750,X,X,X,X,X,X,X,X
40.416858,U,1748,146,61,1845,1695,1654,1646,1725,1646,1617,1619,1646,1639,1604,1616,596
40.431088,D,633,649,1057,X,X,X,978,X,X,1025,947,826,1056,966,941,978
40.446517,L,X,X,X,X,X,X,X,X,111,X,X,X,17,X,X,133,X,X,X,186,X,X,X,X,X,X,X,209,207,201,X,X,X,X,X,210,207,206,X,X,X,X,X,X,X,X,X,X,X,X,X,X,X,X,X,X,X,X,X,X,X,X,X,X
40.484846,R,X,X,X,X,X,X,X,X,X,X,X,X,X,X,X,X,X,X,X,X,X,X,2731,X,X,X,X,2671,X,X,X,X,X,X,X,X,2678,X,X,2749,X,X,X,X,2693,X,X,X,X,X,X,2698,X,X,X,2778,X,X,X,X,X,X,X,X
40.523140,U,X,152,65,1817,1726,1647,1646,1719,1661,1599,1606,X,1652,1620,1617,1626
40.537380,D,630,669,1084,X,X,999,991,X,X,963,971,X,1005,943,962,980
40.552815,L,X,X,X,X,X,X,X,X,107,X,X,X,17,X,X,87,X,X,196,188,130,X,X,X,X,X,213,210,208,200,188,X,X,X,214,213,209,208,X,X,X,X,X,212,212,X,X,X,X,X,X,X,X,X,X,X,X,X,X,X,X,X,X,X
40.591122,R,X,X,X,X,X,2925,X,X,X,X,X,X,X,X,X,X,X,X,X,X,X,X,X,X,X,X,X,2661,X,X,X,2822,X,X,2655,2677,2688,X,X,2805,2843,X,X,X,2655,X,X,X,X,X,X,X,X,X,X,2793,X,X,X,X,X,X,X,X
40.629458,U,1816,144,63,1805,1722,1662,1648,1707,1675,1640,1605,1696,1664,1603,1619,1652
40.643686,D,620,671,1094,X,764,992,969,613,1000,981,935,615,1000,947,949,991
40.659103,L,X,X,X,X,X,X,X,X,104,X,X,X,16,X,X,X,X,X,206,188,127,X,X,X,X,X,215,215,209,202,195,X,X,X,218,214,214,211,X,X,X,X,220,219,216,X,X,X,X,X,X,X,X,X,X,X,X,X,X,X,X,X,X,X
40.697408,R,X,X,X,X,X,X,X,X,X,X,X,X,X,X,X,X,X,2763,X,X,X,X,X,X,X,X,2719,2652,X,X,X,X,X,X,X,X,2696,X,X,X,X,X,X,X,2679,X,X,X,X,X,X,X,X,X,X,2857,X,X,X,X,X,X,X,X
40.749621,U,X,155,64,1806,1747,1671,1669,1717,1680,1623,1609,1666,1670,1633,1615,1614
40.763870,D,614,673,1065,X,X,984,982,X,X,960,977,628,961,951,957,983
40.779266,L,X,X,X,X,X,X,X,X,110,X,X,X,16,X,X,X,X,X,X,X,110,X,X,X,X,X,227,230,X,X,X,X,X,X,229,227,226,221,X,X,X,X,X,231,226,X,X,X,X,X,X,X,X,X,X,X,X,X,X,X,X,X,X,X
40.817612,R,X,X,X,X,X,2924,X,X,X,X,X,X,X,X,X,2957,X,X,X,X,2680,X,X,X,X,X,X,2592,X,X,X,2919,X,X,X,2698,X,X,X,2836,X,X,2629,2606,X,X,X,X,X,X,X,X,X,X,X,2883,X,X,X,X,X,X,X,X
40.855929,U,1850,155,65,1831,1727,1672,1664,1729,1667,1625,1630,1685,1656,1610,1595,1635
40.870175,D,625,664,1048,X,753,957,1021,X,X,958,934,X,994,933,974,999
40.885630,L,X,X,X,X,X,X,X,X,86,X,X,X,16,X,X,X,X,X,234,X,103,X,X,X,X,X,245,248,X,X,X,X,X,X,254,247,244,243,X,X,X,X,X,249,X,X,X,X,X,X,X,X,X,X,X,X,X,X,X,X,X,X,X,X
40.923926,R,X,X,X,X,2882,X,X,X,X,X,X,X,X,X,X,3175,X,X,X,X,X,X,X,X,2643,X,X,X,X,X,X,2952,X,X,X,2586,2703,X,X,X,X,X,X,X,X,X,X,X,X,X,X,X,X,X,X,X,X,X,X,X,X,X,X,X
40.962262,U,1798,155,63,1773,1731,1660,1650,1729,1673,1627,1613,1660,1668,1618,1630,696
40.976486,D,626,672,1152,989,X,934,988,X,995,1005,991,918,993,X,962,1011
40.991915,L,X,X,X,X,X,X,X,X,93,X,X,X,18,X,X,X,X,X,245,X,101,X,X,X,X,269,256,261,X,X,X,X,X,263,263,262,257,X,X,150,X,X,267,264,X,X,203,X,X,X,X,X,X,X,X,X,X,X,X,X,X,X,X,X
41.030229,R,X,X,X,X,2905,X,X,X,X,2703,X,X,X,X,X,X,X,X,X,X,X,X,X,X,X,X,X,2608,X,X,X,X,X,X,2536,2577,X,X,X,X,X,X,X,2584,2640,X,X,X,X,X,X,X,X,X,X,2892,X,X,X,X,X,X,X,X
41.068557,U,X,153,61,1757,1685,1656,1629,1699,1665,1625,1610,1685,1653,1616,1618,634
41.082776,D,634,671,1083,1112,X,966,1074,X,1045,982,914,957,978,X,936,1004
41.098214,L,X,X,X,126,X,X,X,X,X,X,X,X,14,X,X,X,X,X,X,X,263,X,X,X,X,293,X,X,X,X,X,X,X,289,292,291,X,149,X,X,X,X,291,290,X,X,152,X,X,X,X,X,X,X,X,X,X,X,X,X,X,X,X,X
41.136523,R,X,X,X,X,2786,X,X,X,X,2706,X,X,X,X,X,X,X,2606,X,X,X,X,X,X,X,X,X,2579,X,X,X,X,X,X,2545,2547,X,X,X,X,X,X,2568,2586,X,X,X,X,X,X,X,X,X,X,X,2921,X,X,X,X,X,X,X,X
41.174845,U,1792,153,58,1787,1700,1642,1639,1733,1659,1617,1611,1664,1646,1620,1602,X
41.189056,D,631,656,1112,X,724,917,1046,960,974,980,X,X,977,940,1008,998
41.204482,L,X,X,X,X,X,X,X,X,X,226,X,X,18,X,X,X,X,314,X,312,236,X,X,X,323,321,316,X,336,199,X,X,324,318,322,322,X,104,210,X,X,325,323,327,237,X,X,X,X,X,X,203,X,X,X,X,X,X,X,X,X,X,X,X
41.242777,R,X,X,2712,X,X,X,X,X,X,2668,X,X,X,X,X,3154,2560,X,X,X,X,X,X,X,X,X,2546,X,X,X,X,X,X,X,2487,2616,2584,X,X,X,X,X,2531,X,X,X,X,X,X,X,X,X,X,X,X,X,X,X,X,X,X,X,X,X
41.281098,U,1801,146,62,X,1721,1646,1642,1711,1671,1612,1612,1669,1656,1617,1604,X
41.295310,D,623,648,1128,X,712,X,1005,X,X,962,961,964,989,935,995,986
41.310729,L,X,X,X,X,X,X,X,X,X,X,X,X,17,X,X,X,X,342,343,338,133,X,X,X,338,339,333,353,X,X,X,X,338,336,341,342,122,X,X,220,X,345,334,355,97,X,X,X,X,X,X,209,X,X,X,X,X,X,X,X,X,X,X,X
41.349064,R,X,X,X,2824,X,X,X,X,X,2550,X,X,X,X,X,X,2541,2552,X,X,X,X,X,X,2428,X,2544,2533,X,X,X,X,X,X,2476,2527,2593,X,X,X,2512,X,X,X,2574,X,X,X,X,2489,X,X,X,X,X,X,X,X,X,X,X,X,X,X
41.387427,U,1788,149,63,1781,1705,1637,1628,1694,1666,1611,1609,1646,1655,1616,1620,1590
41.401682,D,621,641,1075,X,715,X,1021,X,X,951,996,989,1003,963,963,998
41.417092,L,X,108,123,114,X,X,X,X,X,X,X,X,16,X,X,X,X,374,393,X,131,X,X,X,370,386,380,99,217,X,X,X,379,379,387,X,217,225,166,X,X,386,380,X,X,X,X,X,X,X,X,X,X,X,X,X,X,X,X,X,X,X,X,X
41.455369,R,X,X,2630,2724,X,X,X,X,X,2486,X,X,X,X,X,X,2415,2484,X,X,X,X,X,X,X,2405,X,X,X,X,X,X,X,2375,2472,2485,X,X,X,X,X,2392,X,2511,X,X,X,X,2450,X,X,X,X,X,X,X,X,X,1888,X,X,X,X,X
41.493644,U,1805,152,65,1752,1716,1647,1638,1697,1671,1617,1595,1642,1656,1612,1614,1595
41.507885,D,622,638,1128,X,673,X,1026,931,1039,933,985,974,1016,954,959,1016
41.523283,L,X,110,124,X,X,X,X,X,X,X,X,X,16,X,X,X,X,407,X,198,X,X,X,X,393,410,410,X,X,X,X,X,402,402,417,X,X,X,X,X,393,414,409,X,X,X,X,X,X,X,X,X,X,X,X,X,X,X,X,X,X,X,X,X
41.576199,R,X,2552,2559,X,X,X,X,X,X,2410,X,X,X,X,X,X,2304,2356,X,X,X,X,X,X,2293,X,X,X,X,X,X,X,X,2380,X,X,X,X,X,X,2329,2350,X,X,X,X,X,X,2305,X,X,X,X,X,X,X,X,X,1924,X,X,X,X,X
41.614585,U,1794,147,66,1745,1735,1638,1642,1662,1668,1612,1596,1636,1670,1616,1620,1580
41.645599,D,613,637,1119,905,674,X,1009,985,X,977,964,X,1001,1015,1020,1022
41.659831,L,X,X,118,X,X,X,X,X,X,X,X,X,14,X,X,X,X,X,X,X,X,X,X,X,474,520,X,221,X,X,X,X,485,499,X,X,X,X,X,X,469,X,X,X,X,X,X,X,X,X,X,X,X,X,X,X,X,X,X,X,X,X,X,X
41.698079,R,X,2395,2499,2642,X,X,X,X,2267,2360,X,X,2657,X,X,X,2202,2308,X,X,X,X,X,X,2201,X,X,X,X,X,X,X,2215,2263,2371,2518,X,X,X,X,2202,X,2407,X,X,X,X,X,X,X,X,X,X,X,X,X,X,1753,X,X,X,X,X,X
41.736398,U,1773,145,63,X,1691,1637,1618,1653,1665,1585,1589,1641,1643,1595,1599,1583
41.750604,D,620,630,1060,924,650,X,1065,1087,1003,963,990,1042,1007,1002,990,1009
41.766030,L,X,X,X,X,X,X,X,X,X,X,X,X,16,X,X,X,X,X,X,X,X,X,X,X,506,X,X,X,X,X,X,X,521,548,X,X,X,X,X,X,504,X,X,X,X,X,X,X,X,X,X,X,X,X,X,X,X,X,X,X,X,X,X,X
41.804339,R,X,2384,2500,X,X,X,X,X,2228,2347,X,X,X,X,X,X,2216,X,X,X,X,X,X,X,2178,X,X,X,X,X,X,X,2180,2286,X,2543,X,X,X,X,2187,X,X,2314,X,X,X,X,X,X,X,X,X,X,X,X,X,X,X,X,X,X,X,X
41.842678,U,X,148,63,1727,1672,1608,1626,1675,1644,1583,1600,1652,1641,1603,1616,1603
41.856897,D,654,635,1095,1083,657,693,1020,1127,1062,999,1038,1042,1047,1028,1056,1066
41.872356,L,X,X,X,X,X,X,X,X,578,X,X,X,17,X,X,X,596,X,X,X,X,X,X,X,575,X,X,X,X,X,X,X,590,X,X,X,X,X,X,X,580,X,X,X,X,X,X,X,590,X,X,X,X,X,X,X,X,X,X,X,X,X,X,X
41.910669,R,2224,2370,2507,X,X,X,X,X,2218,2322,2419,X,X,X,X,X,2140,2267,X,X,X,X,X,X,2145,X,X,X,X,X,X,X,2134,X,2360,X,X,X,X,X,2114,X,X,X,X,X,X,X,2128,2238,X,X,X,X,X,X,1620,X,X,X,X,X,X,X
41.949001,U,1712,144,63,1715,1631,1584,1591,1657,1599,1570,1590,1638,1601,1575,1601,1579
41.963232,D,672,648,665,1117,673,717,1057,1112,1075,1011,1035,1059,1073,996,1036,1065
41.978661,L,X,X,X,X,X,X,X,X,614,X,X,X,17,X,X,X,629,X,X,X,X,X,X,X,618,X,X,X,X,X,X,X,630,X,X,X,X,X,X,X,622,X,X,X,X,X,X,X,632,X,X,X,X,X,X,X,X,X,X,X,X,X,X,X
42.016967,R,2228,2415,X,X,X,X,X,X,2146,2305,X,X,X,X,X,X,2122,X,X,X,X,X,X,X,2078,2275,X,X,X,X,X,X,2094,X,X,X,X,X,X,X,2084,X,X,X,X,X,X,X,2083,2109,X,2539,X,X,X,X,X,X,X,X,X,X,X,X
42.055296,U,1656,152,63,1684,1597,1533,1577,1636,1566,1529,1560,1617,1570,1556,1598,1587
42.069529,D,687,656,679,1153,X,685,1023,1149,1055,1018,1022,1055,1113,1080,1042,1091
42.084968,L,X,X,X,X,X,X,X,X,680,X,X,X,16,X,X,X,700,X,X,X,X,X,X,X,690,X,X,X,X,X,X,X,700,X,X,X,X,X,X,X,691,X,X,X,X,X,X,X,723,X,X,X,X,X,X,X,722,X,X,X,X,X,X,X
42.123284,R,2227,2381,X,X,X,X,X,X,2152,X,X,X,X,X,X,X,2086,X,X,X,X,X,X,X,2076,2192,X,X,X,X,X,X,2047,X,2455,X,X,X,X,X,2081,X,X,X,X,X,X,X,2068,1988,X,X,X,X,X,X,X,X,X,X,X,X,X,X
42.161609,U,1616,149,66,1678,1575,1525,1546,1626,1560,1530,1560,1600,1580,1536,1579,1593
42.175835,D,708,678,680,1130,1176,712,1055,X,X,1030,1060,1109,1132,X,1075,1084
42.191262,L,X,X,X,X,X,X,X,X,732,X,X,X,16,X,X,X,769,X,X,X,X,X,X,X,736,X,X,X,X,X,X,X,715,X,X,X,X,X,X,X,769,X,X,X,X,X,X,X,783,X,X,X,X,X,X,X,X,X,X,X,X,X,X,X
42.229573,R,X,X,2599,X,X,X,X,X,2146,X,X,X,X,X,X,X,2092,X,X,X,X,X,X,X,2061,X,X,X,X,X,X,X,2082,X,X,X,X,X,X,X,2060,X,X,X,X,X,X,X,1920,X,X,X,X,X,X,X,X,X,X,X,X,X,X,X
42.267904,U,1591,139,70,1662,1533,1493,1531,1608,1524,1503,1528,1616,1557,1534,1567,1568
42.282132,D,702,676,687,1166,1133,696,X,X,X,1092,1083,1099,1129,X,1095,1096
42.297564,L,X,X,X,X,X,X,X,X,786,X,X,X,16,X,X,X,790,X,X,X,X,X,X,X,791,X,X,X,X,X,X,X,X,X,X,X,X,X,X,X,X,X,X,X,X,X,X,X,X,X,X,X,X,X,X,X,X,X,X,X,X,X,X,X
42.335873,R,2225,X,X,X,X,X,X,X,2177,2332,X,X,X,X,X,X,2101,X,X,X,X,X,X,X,2078,X,X,X,X,X,X,X,2039,X,X,X,X,X,X,X,2034,X,X,X,X,X,X,X,1908,2250,X,X,X,X,X,X,X,X,X,X,X,X,X,X
42.374173,U,1580,148,65,1658,1539,1485,1526,1595,1513,1494,1518,1600,1554,1515,1573,1577
42.388389,D,718,690,693,1199,X,688,X,1079,1142,1089,1066,1097,1125,X,1101,1121
42.403822,L,X,X,X,X,X,X,X,X,X,X,X,X,16,X,X,X,X,X,X,X,X,X,X,X,X,X,X,X,X,X,X,X,X,X,X,X,X,X,X,X,X,X,X,X,X,X,X,X,X,X,X,X,X,X,X,X,X,X,X,X,X,X,X,X
42.442123,R,2250,X,X,X,X,X,X,X,2145,X,X,X,X,X,X,X,2118,X,X,X,X,X,X,X,2091,X,X,X,X,X,X,X,2074,X,X,X,X,X,X,X,2068,X,X,X,X,X,X,X,1867,2212,X,X,X,X,X,X,X,X,X,X,X,X,X,X
42.480494,U,1567,145,65,1661,1527,1494,1501,1606,1518,1490,1508,1588,1560,1514,1567,1582
42.494724,D,714,702,689,716,X,689,707,1154,X,1130,X,1119,X,1104,1124,1073
42.525859,L,X,X,X,X,X,X,X,X,X,X,X,X,17,X,X,X,X,X,X,X,X,X,X,X,X,X,X,X,X,X,X,X,X,X,X,X,X,X,X,X,X,X,X,X,X,X,X,X,X,X,X,X,X,X,X,X,X,X,X,X,X,X,X,X
42.564266,R,2253,2425,X,X,X,X,X,X,2197,X,X,X,X,X,X,X,2116,X,X,X,X,X,X,X,2135,X,X,X,X,X,X,X,2051,X,X,X,X,X,X,X,2057,X,X,X,X,X,X,X,1998,2302,X,X,X,X,X,X,X,2252,X,X,X,X,X,X
42.602613,U,1573,145,65,1659,1535,1496,1507,1604,1500,1480,1513,1608,1551,1497,1551,1591
42.616840,D,726,706,692,687,1135,695,690,1099,X,1025,X,1103,X,1110,1087,1125
42.632242,L,X,X,X,X,X,X,X,X,X,X,X,X,17,X,X,X,X,X,X,X,X,X,X,X,X,X,X,X,X,X,X,X,X,X,X,X,X,X,X,X,X,X,X,X,X,X,X,X,X,X,X,X,X,X,X,X,X,X,X,X,X,X,X,X
42.670542,R,2257,X,2656,X,X,X,X,X,2182,X,X,X,X,X,X,X,2086,X,X,X,X,X,X,X,2105,X,X,X,X,X,X,X,2091,X,X,X,X,X,X,X,2044,X,X,X,X,X,X,X,2034,2297,X,X,X,X,X,X,X,X,X,X,X,X,X,X
42.708872,U,1579,144,67,1634,1534,1491,1497,1598,1513,1475,1494,1586,1549,1510,1551,1583
42.723090,D,728,707,695,686,1125,686,680,X,X,1094,X,1134,1155,1117,1108,1101
42.738502,L,X,X,X,X,X,X,X,X,X,X,X,X,17,X,X,X,X,X,X,X,X,X,X,X,X,X,X,X,X,X,X,X,X,X,X,X,X,X,X,X,X,X,X,X,X,X,X,X,X,X,X,X,X,X,X,X,X,X,X,X,X,X,X,X
42.776796,R,2192,X,X,X,X,X,X,X,2110,X,X,X,X,X,X,X,2129,X,X,X,X,X,X,X,2099,X,X,X,X,X,X,X,2072,X,X,X,X,X,X,X,2030,X,X,X,X,X,X,X,2068,2325,X,X,X,X,X,X,X,X,X,X,X,X,X,X
42.815104,U,1580,154,68,1635,1539,1483,1504,1581,1518,1481,1503,1571,1565,1503,1543,1589
42.829323,D,X,696,686,705,1093,683,681,X,X,996,1086,1103,1169,X,1120,1124
42.860558,L,X,X,X,X,X,X,X,X,X,X,X,X,17,X,X,X,X,X,X,X,X,X,X,X,X,X,X,X,X,X,X,X,X,X,X,X,X,X,X,X,X,X,X,X,X,X,X,X,X,X,X,X,X,X,X,X,X,X,X,X,X,X,X,X
42.898948,R,X,2504,2815,X,X,X,X,X,X,X,X,X,X,X,X,X,2136,X,X,X,X,X,X,X,2132,2355,X,X,X,X,X,X,2143,X,X,X,X,X,X,X,2103,X,X,X,X,X,X,X,2071,X,X,X,X,X,X,X,2098,X,X,X,X,X,X,X
42.937313,U,1588,148,63,1635,1542,1491,1510,1585,1515,1492,1502,1569,1554,1520,1533,1593
42.951540,D,X,703,693,697,X,701,678,675,1171,1116,1079,1095,1170,X,1093,1112
42.966953,L,X,X,X,X,X,X,X,X,X,X,X,X,17,X,X,X,X,X,X,X,X,X,X,X,X,X,X,X,X,X,X,X,X,X,X,X,X,X,X,X,X,X,X,X,X,X,X,X,X,X,X,X,X,X,X,X,X,X,X,X,X,X,X,X
43.005263,R,2263,2558,X,X,X,X,X,X,2133,X,X,X,X,X,X,X,2160,X,X,X,X,X,X,X,X,X,X,X,X,X,X,X,X,X,X,X,X,X,X,X,2125,X,X,X,X,X,X,X,2118,X,X,X,X,X,X,X,2034,X,X,X,X,X,X,X
43.043584,U,1591,148,65,1644,1545,1501,1517,1575,1518,1484,1493,1585,1555,1518,1532,1602
43.057816,D,X,692,689,693,X,682,668,686,1150,1057,1105,1090,1205,X,1087,1111
43.073232,L,X,X,X,X,X,X,X,X,X,X,X,X,17,X,X,X,X,X,X,X,X,X,X,X,X,X,X,X,X,X,X,X,X,X,X,X,X,X,X,X,X,X,X,X,X,X,X,X,X,X,X,X,X,X,X,X,X,X,X,X,X,X,X,X
43.111539,R,X,2656,X,X,X,X,X,X,2207,X,X,X,X,X,X,X,2144,X,X,X,X,X,X,X,X,X,X,X,X,X,X,X,X,X,X,X,X,X,X,X,2099,X,X,X,X,X,X,X,2090,X,X,X,X,X,X,X,2151,X,X,X,X,X,X,X
43.149869,U,1609,155,65,1628,1547,1509,1513,1582,1518,1495,1498,1588,1543,1548,1533,1603
43.164090,D,1151,694,703,701,1130,680,661,686,X,1069,1052,1122,1099,1109,1099,1183
43.179517,L,X,X,X,X,X,X,X,X,X,X,X,X,16,X,X,X,X,X,X,X,X,X,X,X,X,X,X,X,X,X,X,X,X,X,X,X,X,X,X,X,X,X,X,X,X,X,X,X,X,X,X,X,X,X,X,X,X,X,X,X,X,X,X,X
43.217826,R,X,X,X,X,X,X,X,X,2220,X,X,X,X,X,X,X,2228,X,X,X,X,X,X,X,X,X,X,X,X,X,X,X,X,X,X,X,X,X,X,X,2166,X,X,X,X,X,X,X,2244,X,X,X,X,X,X,X,X,X,X,X,X,X,X,X
43.256131,U,1612,155,67,1623,1547,1488,1507,1576,1530,1486,1492,1562,1557,1539,1517,1584
43.270370,D,1209,702,692,700,1127,689,676,681,X,1113,1093,1094,1128,1142,1129,1132
43.285798,L,X,X,X,X,X,X,X,X,X,X,X,X,16,X,X,X,X,X,X,X,X,X,X,X,X,X,X,X,X,X,X,X,X,X,X,X,X,X,X,X,X,X,X,X,X,X,X,X,X,X,X,X,X,X,X,X,X,X,X,X,X,X,X,X
43.324089,R,2325,X,X,X,X,X,X,X,X,X,X,X,X,X,X,X,2280,X,X,X,X,X,X,X,X,X,X,X,X,X,X,X,2222,X,X,X,X,X,X,X,2221,X,X,X,X,X,X,X,2217,X,X,X,X,X,X,X,X,X,X,X,X,X,X,X
43.362387,U,1597,150,64,1607,1538,1480,1506,1572,1524,1483,1506,1561,1555,1512,1535,1602
43.376609,D,1169,698,696,710,1137,990,684,691,1180,1072,X,1094,X,1120,1102,1128
43.392033,L,X,X,X,X,X,X,X,X,X,X,X,X,15,X,X,X,X,X,X,X,X,X,X,X,X,X,X,X,X,X,X,X,X,X,X,X,X,X,X,X,X,X,X,X,X,X,X,X,X,X,X,X,X,X,X,X,X,X,X,X,X,X,X,X
43.430326,R,X,X,X,X,X,X,X,X,X,X,X,X,X,X,X,X,2369,X,X,X,X,X,X,X,X,X,X,X,X,X,X,X,X,X,X,X,X,X,X,X,2203,X,X,X,X,X,X,X,X,X,X,X,X,X,X,X,X,X,X,X,X,X,X,X
43.468667,U,1594,148,68,1608,1536,1492,1498,1553,1527,1470,1483,1552,1557,1525,1522,1598
43.511936,D,1211,714,691,704,X,1072,692,691,X,1097,1054,1095,1149,X,1117,1150
43.527480,L,X,X,X,X,X,X,X,X,X,X,X,X,16,X,X,X,X,X,X,X,X,X,X,X,X,X,X,X,X,X,X,X,X,X,X,X,X,X,X,X,X,X,X,X,X,X,X,X,X,X,X,X,X,X,X,X,X,X,X,X,X,X,X,X
43.565767,R,X,X,X,X,X,X,X,X,X,X,X,X,X,X,X,X,X,X,X,X,X,X,X,X,X,X,X,X,X,X,X,X,X,X,X,X,X,X,X,X,2310,X,X,X,X,X,X,X,X,X,X,X,X,X,X,X,X,X,X,X,X,X,X,X
43.604086,U,1599,150,60,1609,1551,1485,1493,1556,1518,1477,1488,1555,1549,1551,1540,1587
43.618310,D,X,X,702,715,1167,1088,702,694,X,1092,X,1120,1100,1075,1077,1145
43.633735,L,X,X,X,X,X,X,X,X,X,X,X,X,16,X,X,X,X,X,X,X,X,X,X,X,X,X,X,X,X,X,X,X,X,X,X,X,X,X,X,X,X,X,X,X,X,X,X,X,X,X,X,X,X,X,X,X,X,X,X,X,X,X,X,X
43.672067,R,X,X,X,X,X,X,X,X,X,X,X,X,X,X,X,X,2480,X,X,X,X,X,X,X,X,X,X,X,X,X,X,X,X,X,X,X,X,X,X,X,X,X,X,X,X,X,X,X,X,X,X,X,X,X,X,X,X,X,X,X,X,X,X,X
43.710358,U,1582,143,65,1589,1546,1482,1505,1544,1513,1460,1496,1541,1533,1571,1534,1592
43.724586,D,1210,1187,707,711,1076,X,713,712,1024,1216,X,1160,1137,X,1128,1112
43.739999,L,X,X,X,X,X,X,X,X,X,X,X,X,16,X,X,X,X,X,X,X,X,X,X,X,X,X,X,X,X,X,X,X,X,X,X,X,X,X,X,X,X,X,X,X,X,X,X,X,X,X,X,X,X,X,X,X,X,X,X,X,X,X,X,X
43.778278,R,X,X,X,X,X,X,X,X,X,X,X,X,X,X,X,X,X,X,X,X,X,X,X,X,X,X,X,X,X,X,X,X,X,X,X,X,X,X,X,X,X,X,X,X,X,X,X,X,X,X,X,X,X,X,X,X,X,X,X,X,X,X,X,X
43.816574,U,1575,149,66,1585,1528,1487,1493,1547,1511,1482,1480,1548,1545,1540,1516,1574
43.830813,D,1129,X,718,718,1077,X,X,715,936,1136,1092,1142,X,X,1154,1166
43.846214,L,X,X,X,X,X,X,X,X,X,X,X,X,17,X,X,X,X,X,X,X,X,X,X,X,X,X,X,X,X,X,X,X,X,X,X,X,X,X,X,X,X,X,X,X,X,X,X,X,X,X,X,X,X,X,X,X,X,X,X,X,X,X,X,X
43.884570,R,X,X,X,X,X,X,X,X,X,X,X,X,X,X,X,X,X,X,X,X,X,X,X,X,X,X,X,X,X,X,X,X,X,X,X,X,X,X,X,X,X,X,X,X,X,X,X,X,X,X,X,X,X,X,X,X,X,X,X,X,X,X,X,X
43.922882,U,1573,152,61,1584,1541,1475,1473,1542,1526,1485,1467,1522,1561,1513,1521,1563
43.937106,D,1186,1161,731,727,1054,X,828,718,871,1087,1091,1146,X,X,1154,1206
43.952509,L,X,X,X,X,X,X,X,X,X,X,X,X,16,X,X,X,X,X,X,X,X,X,X,X,X,X,X,X,X,X,X,X,X,X,X,X,X,X,X,X,X,X,X,X,X,X,X,X,X,X,X,X,X,X,X,X,X,X,X,X,X,X,X,X
43.990820,R,X,X,X,X,X,X,X,X,X,X,X,X,X,X,X,X,X,X,X,X,X,X,X,X,X,X,X,X,X,X,X,X,X,X,X,X,X,X,X,X,X,X,X,X,X,X,X,X,X,X,X,X,X,X,X,X,X,X,X,X,X,X,X,X
44.029101,U,1590,157,64,1550,1529,1474,1465,1522,1522,1470,1462,1515,1555,1543,1520,1567
44.043327,D,X,X,742,729,1051,1047,X,761,807,1089,X,1170,798,1106,1128,1192
44.058719,L,X,X,X,X,X,X,X,X,X,X,X,X,16,X,X,X,X,X,X,X,X,X,X,X,X,X,X,X,X,X,X,X,X,X,X,X,X,X,X,X,X,X,X,X,X,X,X,X,X,X,X,X,X,X,X,X,X,X,X,X,X,X,X,X
44.097044,R,X,X,X,X,X,X,X,X,X,X,X,X,X,X,X,X,X,X,X,X,X,X,X,X,X,X,X,X,X,X,X,X,X,X,X,X,X,X,X,X,X,X,X,X,X,X,X,X,X,X,X,X,X,X,X,X,X,X,X,X,X,X,1619,X
44.135334,U,1596,159,61,1577,1543,1491,1476,1516,1526,1472,1465,1528,1575,1538,1514,1562
44.161291,D,X,1199,747,724,X,1061,1080,801,784,1074,X,1157,797,1084,1144,1189
44.176852,L,X,X,X,X,X,X,X,X,X,X,X,X,16,X,X,X,X,X,X,X,X,X,X,X,X,X,X,X,X,X,X,X,X,X,X,X,X,X,X,X,X,X,X,X,X,X,X,X,X,X,X,X,X,X,X,X,X,X,X,X,X,X,X,X
44.215190,R,X,X,X,X,X,X,X,X,X,X,X,X,X,X,X,X,X,X,X,X,X,X,X,X,X,X,X,X,X,X,X,X,X,X,X,X,X,X,X,X,X,X,X,X,X,X,X,X,X,X,X,X,X,X,X,X,X,X,X,X,X,X,X,X
44.253510,U,1586,150,66,1585,1534,1488,1485,1561,1514,1464,1481,1540,1558,1530,1520,1578
44.267739,D,X,1112,763,726,X,X,X,X,772,X,X,1137,777,X,1124,X
44.283180,L,X,X,X,X,X,X,X,X,X,X,X,X,16,X,X,X,X,X,X,X,X,X,X,X,X,X,X,X,X,X,X,X,X,X,X,X,X,X,X,X,X,X,X,X,X,X,X,X,X,X,X,X,X,X,X,X,X,X,X,X,X,X,X,X
44.321475,R,X,X,X,X,X,X,X,X,X,X,X,X,X,X,X,X,X,X,X,X,X,X,X,X,X,X,X,X,X,X,X,X,X,X,X,X,X,X,X,X,X,X,X,X,X,X,X,X,X,X,X,X,X,X,X,X,X,X,X,X,X,X,X,X
44.359845,U,1592,153,61,1602,1545,1489,1498,1569,1527,1471,1477,1545,1556,1522,1542,1575
44.374112,D,1129,1191,795,737,1088,1127,X,X,756,X,1093,1135,763,X,1120,1164
44.389531,L,X,X,X,X,X,X,X,X,X,X,X,X,17,X,X,X,X,X,X,X,X,X,X,X,X,X,X,X,X,X,X,X,X,X,X,X,X,X,X,X,X,X,X,X,X,X,X,X,X,X,X,X,X,X,X,X,X,X,X,X,X,X,X,X
44.427854,R,X,X,X,X,X,X,X,X,X,X,X,X,X,X,X,X,X,X,X,X,X,X,X,X,X,X,X,X,X,X,X,X,X,X,X,X,X,X,X,X,X,X,X,X,X,X,X,X,X,X,X,X,X,X,X,X,X,X,X,X,X,X,X,X
44.466123,U,1597,151,68,1618,1538,1490,1488,1573,1527,1471,1491,1549,1543,1545,1544,1604
44.480376,D,X,1197,X,739,X,X,X,X,750,782,X,X,761,736,X,X
44.507991,L,X,X,X,X,X,X,X,X,X,X,X,X,17,X,X,X,X,X,X,X,X,X,X,X,X,X,X,X,X,X,X,X,X,X,X,X,X,X,X,X,X,X,X,X,X,X,X,X,X,X,X,X,X,X,X,X,X,X,X,X,X,X,X,X
44.546339,R,X,X,X,X,X,X,X,X,X,X,X,X,X,X,X,X,X,X,X,X,X,X,X,X,X,X,X,X,X,X,X,X,X,X,X,X,X,X,X,X,X,X,X,X,X,X,X,X,X,X,X,X,X,X,X,X,X,X,X,X,X,X,X,X
44.584665,U,1617,154,69,1615,1549,1495,1505,1585,1540,1475,1507,1557,1559,1531,1554,1599
44.598879,D,1219,1213,X,751,X,1108,X,X,742,738,X,1085,748,736,1106,1083
44.614282,L,X,X,X,X,X,X,X,X,X,X,X,X,15,X,X,X,X,X,X,X,X,X,X,X,X,X,X,X,X,X,X,X,X,X,X,X,X,X,X,X,X,X,X,X,X,X,X,X,X,X,X,X,X,X,X,X,X,X,X,X,X,X,X,X
44.652575,R,X,X,X,X,X,X,X,X,X,X,X,X,X,X,X,X,X,X,X,X,X,X,X,X,X,X,X,X,X,X,X,X,X,X,X,X,X,X,X,X,X,X,X,X,X,X,X,X,X,X,X,X,X,X,X,X,X,X,X,X,X,X,X,X
44.690874,U,1619,151,64,1623,1547,1504,1511,1578,1540,1502,1495,1556,1564,1539,1554,1586
44.705093,D,1169,X,X,761,1124,X,994,1007,726,727,1021,1081,737,711,1036,1143
44.720502,L,X,X,X,X,X,X,X,X,X,X,X,X,16,X,X,X,X,X,X,X,X,X,X,X,X,X,X,X,X,X,X,X,X,X,X,X,X,X,X,X,X,X,X,X,X,X,X,X,X,X,X,X,X,X,X,X,X,X,X,X,X,X,X,X
44.758808,R,X,X,X,X,X,X,X,X,X,X,X,X,X,X,X,X,X,X,X,X,X,X,X,X,X,X,X,X,X,X,X,X,X,X,X,X,X,X,X,X,X,X,X,X,X,X,X,X,X,X,X,X,X,X,X,X,X,X,X,X,X,X,X,X
44.797165,U,1662,149,68,1652,1581,1506,1512,1587,1551,1493,1517,1577,1574,1538,1565,1590
44.811421,D,1182,1093,X,784,1156,X,1022,1081,712,706,X,1131,720,697,X,1134
44.826822,L,X,X,X,X,X,X,X,X,X,X,X,X,17,X,X,X,X,X,X,X,X,X,X,X,X,X,X,X,X,X,X,X,X,X,X,X,X,X,X,X,X,X,X,X,X,X,X,X,X,X,X,X,X,X,X,X,X,X,X,X,X,X,X,X
44.865097,R,X,X,X,X,X,X,X,X,X,X,X,X,X,X,X,X,X,X,X,X,X,X,X,X,X,X,X,X,X,X,X,X,X,X,X,X,X,X,X,X,X,X,X,X,X,X,X,X,X,X,X,X,X,X,X,X,X,X,X,X,X,X,X,X
44.903348,U,1657,149,65,1675,1575,1529,1525,1601,1542,1513,1513,1580,1577,1525,1552,1593
44.917601,D,1170,X,1071,805,X,1011,992,1062,704,691,X,1082,718,693,692,1109
44.933003,L,X,X,X,X,X,X,X,X,X,X,X,X,18,X,X,X,X,X,X,X,X,X,X,X,X,X,X,X,X,X,X,X,X,X,X,X,X,X,X,X,X,X,X,X,X,X,X,X,X,X,X,X,X,X,X,X,X,X,X,X,X,X,X,X
44.971280,R,X,X,X,X,X,X,X,X,X,X,X,X,X,X,X,X,X,X,X,X,X,X,X,X,X,X,X,X,X,X,X,X,X,X,X,X,X,X,X,X,X,X,X,X,X,X,X,X,X,X,X,X,X,X,X,X,X,X,X,X,X,X,X,X
45.009541,U,1662,154,64,1666,1587,1547,1542,1602,1575,1505,1500,1574,1575,1549,1588,1589
45.023843,D,X,1111,1085,847,1101,1093,1112,1084,706,682,677,1110,710,684,681,1075
45.039273,L,X,X,X,X,X,X,X,X,X,X,X,X,15,X,X,X,X,X,X,X,X,X,X,X,X,X,X,X,X,X,X,X,X,X,X,X,X,X,X,X,X,X,X,X,X,X,X,X,X,X,X,X,X,X,X,X,X,X,X,X,X,X,X,X
45.077574,R,X,X,X,X,X,X,X,X,X,X,X,X,X,X,X,X,X,X,X,X,X,X,X,X,X,X,X,X,X,X,X,X,X,X,X,X,X,X,X,X,X,X,X,X,X,X,X,X,X,X,X,X,X,X,X,X,X,X,X,X,X,X,X,X
45.115876,U,1690,147,62,1683,1604,1539,1553,1612,1585,1502,1521,1568,1601,1551,1569,1598
45.130093,D,X,X,1108,853,X,X,1043,1144,692,675,672,1081,709,677,682,1074
45.145492,L,X,X,X,X,X,X,X,X,X,X,X,X,16,X,X,X,X,X,X,X,X,X,X,X,X,X,X,X,X,X,X,X,X,X,X,X,X,X,X,X,X,X,X,X,X,X,X,X,X,X,X,X,X,X,X,X,X,X,X,X,X,X,X,X
45.183760,R,X,X,X,X,X,X,X,X,X,X,X,X,X,X,X,X,X,X,X,X,X,X,X,X,X,X,X,X,X,X,X,X,X,X,X,X,X,X,X,X,X,X,X,X,X,X,X,X,X,X,X,X,X,X,X,X,X,X,X,X,X,X,X,X
45.222078,U,1696,155,67,1687,1608,1546,1546,1602,1573,1510,1522,1582,1590,1543,1614,1599
45.236288,D,1169,X,1120,901,1165,X,X,1110,681,669,662,1078,699,673,680,1103
45.251679,L,X,X,X,X,X,X,X,X,X,X,X,X,17,X,X,X,X,X,X,X,X,X,X,X,X,X,X,X,X,X,X,X,X,X,X,X,X,X,X,X,X,X,X,X,X,X,X,X,X,X,X,X,X,X,X,X,X,X,X,X,X,X,X,X
45.289958,R,X,X,X,X,X,X,X,X,X,X,X,X,X,X,X,X,X,X,X,X,X,X,X,X,X,X,X,X,X,X,X,X,X,X,X,X,X,X,X,X,X,X,X,X,X,X,X,X,X,X,X,X,X,X,X,X,X,X,X,X,X,X,X,X
45.328260,U,X,154,64,1700,1613,1551,1572,1615,1587,1520,1524,1586,1590,1541,1592,1628
45.342523,D,X,X,1141,X,X,X,X,1104,676,663,663,1059,687,672,676,1103
45.357952,L,X,X,X,X,X,X,X,X,X,X,X,X,16,X,X,X,X,X,X,X,X,X,X,X,X,X,X,X,X,X,X,X,X,X,X,X,X,X,X,X,X,X,X,X,X,X,X,X,X,X,X,X,X,X,X,X,X,X,X,X,X,X,X,X
45.396244,R,X,X,X,X,X,X,X,X,X,X,X,X,X,X,X,X,X,X,X,X,X,X,X,X,X,X,X,X,X,X,X,X,X,X,X,X,X,X,X,X,X,X,X,X,X,X,X,X,X,X,X,X,X,X,X,X,X,X,X,X,X,X,X,X
45.434541,U,1678,154,63,1709,1625,1540,1557,1626,1575,1531,1533,1581,1595,1568,1595,1613
45.461021,D,X,X,1161,1015,X,X,X,1128,674,667,663,1088,684,674,675,664
45.476540,L,X,X,X,X,X,X,X,X,X,X,X,X,17,X,X,X,X,X,X,X,X,X,X,X,X,X,X,X,X,X,X,X,X,X,X,X,X,X,X,X,X,X,X,X,X,X,X,X,X,X,X,X,X,X,X,X,X,X,X,X,X,X,X,X
45.528373,R,X,X,X,X,X,X,X,X,X,X,X,X,X,X,X,X,X,X,X,X,X,X,X,X,X,X,X,X,X,X,X,X,X,X,X,X,X,X,X,X,X,X,X,X,X,X,X,X,X,X,X,X,X,X,X,X,X,X,X,X,X,X,X,X
45.566686,U,1702,151,66,1699,1622,1542,1549,1607,1598,1524,1518,1585,1602,1551,1547,1602
45.580889,D,1166,1156,1176,1058,1137,664,X,1149,677,663,671,660,679,677,673,673
45.596294,L,X,X,X,X,X,X,X,X,X,X,X,X,16,X,X,X,X,X,X,X,X,X,X,X,X,X,X,X,X,X,X,X,X,X,X,X,X,X,X,X,X,X,X,X,X,X,X,X,X,X,X,X,X,X,X,X,X,X,X,X,X,X,X,X
45.634595,R,X,X,X,X,X,X,X,X,X,X,X,X,X,X,X,X,X,X,X,X,X,X,X,X,X,X,X,X,X,X,X,X,X,X,X,X,X,X,X,X,X,X,X,X,X,X,X,X,X,X,X,X,X,X,X,X,X,X,X,X,X,X,X,X
45.672936,U,1673,149,66,X,1603,1538,1556,1627,1563,1515,1528,1592,1596,1552,1531,1612
45.687199,D,1208,X,1144,1101,1175,672,677,X,674,670,672,677,686,679,681,675
45.702577,L,X,X,X,X,X,X,X,X,X,X,X,X,16,X,X,X,X,X,X,X,X,X,X,X,X,X,X,X,X,X,X,X,X,X,X,X,X,X,X,X,X,X,X,X,X,X,X,X,X,X,X,X,X,X,X,X,X,X,X,X,X,X,X,X
45.740866,R,X,X,X,X,X,X,X,X,X,X,X,X,X,X,X,X,X,X,X,X,X,X,X,X,X,X,X,X,X,X,X,X,X,X,X,X,X,X,X,X,X,X,X,X,X,X,X,X,X,X,X,X,X,X,X,X,X,X,X,X,X,X,X,X
45.779135,U,1660,157,64,1672,1602,1528,1551,1599,1562,1518,1517,1588,1597,1544,1558,1597
45.793373,D,1155,X,1138,1124,1107,680,669,1066,X,670,671,687,X,678,681,684
45.808766,L,X,X,X,X,X,X,X,X,X,X,X,X,15,X,X,X,X,X,X,X,X,X,X,X,X,X,X,X,X,X,X,X,X,X,X,X,X,X,X,X,X,X,X,X,X,X,X,2179,X,X,X,X,X,X,X,2105,X,X,X,X,X,X,1682,X
45.847064,R,X,X,X,X,X,X,X,X,X,X,X,X,X,X,X,X,X,X,X,X,X,X,X,X,X,X,X,X,X,X,X,X,X,X,X,X,X,X,X,X,X,X,X,X,X,X,X,X,X,X,X,X,X,X,X,X,X,X,X,X,X,X,X,X
45.885355,U,1653,151,63,1656,1606,1534,1532,1586,1565,1499,1508,1567,1585,1539,1523,1591
45.899588,D,1168,1145,1192,1176,1111,683,697,X,X,682,681,703,X,691,699,694
45.914972,L,X,X,X,X,X,X,X,X,X,X,X,X,17,X,X,X,X,X,X,X,X,X,X,X,X,X,X,X,X,X,X,X,X,X,X,X,X,X,X,X,X,X,X,X,X,X,X,2110,X,X,X,X,X,X,X,2162,X,X,X,X,X,X,X,X
45.953255,R,X,X,X,X,X,X,X,X,X,X,X,X,X,X,X,X,X,X,X,X,X,X,X,X,X,X,X,X,X,X,X,X,X,X,X,X,X,X,X,X,X,X,X,X,X,X,X,X,X,X,X,X,X,X,X,X,X,X,X,X,X,X,X,X
45.991540,U,1628,154,66,1623,1582,1509,1513,1585,1563,1506,1500,1558,1603,1528,1535,1589
46.005786,D,1167,1133,1164,1187,1145,701,706,721,X,696,700,722,1118,701,712,707
46.021193,L,X,X,X,X,X,X,X,X,X,X,X,X,16,X,X,X,X,X,X,X,X,X,X,X,X,X,X,X,X,X,X,X,X,X,X,X,X,X,X,X,X,X,X,X,X,X,X,2119,X,X,X,X,X,X,X,2079,X,X,X,X,X,X,X,X
46.059484,R,X,X,X,X,X,X,X,X,X,X,X,X,X,X,X,X,X,X,X,X,X,X,X,X,X,X,X,X,X,X,X,X,X,X,X,X,X,X,X,X,X,X,X,X,X,X,X,X,X,X,X,X,X,X,X,X,X,X,X,1961,X,X,X,X
46.097778,U,1616,141,63,1608,1570,1513,1503,1561,1564,1479,1491,1540,1596,1536,1512,1590
46.112032,D,1224,1173,1182,1195,1082,709,720,724,X,698,709,737,1157,702,719,714
46.127436,L,X,X,X,X,X,X,X,X,X,X,X,X,17,X,X,X,X,X,X,X,X,X,X,X,X,X,X,X,X,X,X,2045,X,X,X,X,X,X,X,X,X,X,X,X,X,X,X,X,X,X,X,X,X,X,X,1992,X,X,X,X,X,X,1743,X
46.165714,R,X,X,X,X,X,X,X,X,X,X,X,X,X,X,X,X,X,X,X,X,X,X,X,X,X,X,X,X,X,X,X,X,X,X,X,X,X,X,X,X,X,X,X,X,X,X,X,X,X,X,X,X,X,X,X,X,X,X,X,1941,X,X,X,X
46.204029,U,1618,155,65,1567,1555,1489,1489,1529,1563,1471,1471,1531,1593,1525,1509,1588
46.218267,D,1196,1215,X,1250,X,727,734,757,X,711,722,758,1155,708,732,727
46.233663,L,X,X,X,X,X,X,X,X,X,X,X,X,17,X,X,2135,X,X,X,X,X,X,X,X,X,X,X,X,X,X,X,2002,X,X,X,X,X,X,X,X,X,X,X,X,X,X,X,X,X,X,X,X,X,X,X,1972,X,X,X,X,X,X,X,X
46.271943,R,X,X,X,X,X,X,X,X,X,X,X,X,X,X,X,X,X,X,X,X,X,X,X,X,X,X,X,X,X,X,X,X,X,X,X,X,X,X,X,X,X,X,X,X,X,X,X,X,X,X,X,X,X,X,X,X,X,X,X,1857,X,X,X,X
46.310328,U,1579,150,69,1577,1539,1483,1485,1524,1534,1474,1475,1523,1569,1516,1510,1584
46.324591,D,1192,1118,732,X,X,726,739,763,X,721,726,766,1173,X,728,726
46.340003,L,X,X,X,X,X,X,X,X,X,X,X,X,15,X,X,X,X,X,X,X,X,X,X,X,X,X,X,X,X,X,X,1985,X,X,X,X,X,X,X,1956,X,X,X,X,X,X,X,1864,X,X,X,X,X,X,X,1788,X,X,X,X,X,1815,X,X
46.378281,R,X,X,X,X,X,X,X,X,X,X,X,X,X,X,X,X,X,X,X,X,X,X,X,X,X,X,X,X,X,X,X,X,X,X,X,X,X,X,X,X,X,X,X,X,X,X,X,X,X,X,X,X,X,X,X,X,X,X,X,X,X,X,X,X
46.416551,U,1588,155,64,1555,1533,1493,1459,1537,1544,1482,1473,1508,1571,1514,1494,1552
46.430798,D,1195,1183,748,754,1151,733,732,771,X,728,732,762,1188,1135,731,736
46.446196,L,X,X,X,X,X,X,X,X,X,X,X,X,16,X,X,X,X,X,X,X,X,X,X,X,X,X,X,X,X,X,X,1937,X,X,X,X,X,X,X,1917,X,X,X,X,X,X,X,1832,X,X,X,X,X,X,X,1771,X,X,X,X,X,1821,X,X
46.498184,R,X,X,X,X,X,X,X,X,X,X,X,X,X,X,X,X,X,X,X,X,X,X,X,X,X,X,X,X,X,X,X,X,X,X,X,X,X,X,X,X,X,X,X,X,X,X,X,X,X,X,X,X,X,X,X,X,X,X,X,X,X,X,X,X
46.536547,U,1577,146,67,1563,1545,1470,1479,1533,1535,1467,1465,1523,1563,1516,1496,1575
46.550779,D,X,X,747,760,X,728,739,773,1142,710,728,760,1147,X,X,X
46.566206,L,X,X,X,X,X,X,X,X,X,X,X,X,17,X,X,X,X,X,X,X,X,X,X,X,X,X,X,X,X,X,X,1886,X,X,X,X,X,X,X,1895,X,X,X,X,X,X,X,1810,X,X,X,X,X,X,X,1722,X,X,X,X,X,X,X,X
46.604507,R,X,X,X,X,X,X,X,X,X,X,X,X,X,X,X,X,X,X,X,X,X,X,X,X,X,X,X,X,X,X,X,X,X,X,X,X,X,X,X,X,X,X,X,X,X,X,X,X,X,X,X,X,X,X,X,X,X,X,X,X,X,X,X,X
46.642787,U,1626,150,68,1580,1557,1489,1478,1547,1568,1477,1480,1526,1585,1521,1502,1555
46.657017,D,1202,1193,744,760,1135,727,735,769,1137,708,723,757,1155,1100,1103,X
46.672430,L,X,X,X,X,X,X,X,X,X,X,X,X,17,X,X,X,X,X,X,X,X,X,X,X,X,X,X,X,X,X,X,1834,X,X,X,X,X,X,X,1874,X,X,X,X,X,X,X,1802,X,X,X,X,X,X,X,1730,X,X,X,X,X,X,X,X
46.710725,R,X,X,X,X,X,X,X,X,X,X,X,X,X,X,X,X,X,X,X,X,X,X,X,X,X,X,X,X,X,X,X,X,X,X,X,X,X,X,X,X,X,X,X,X,X,X,X,X,X,X,X,X,X,X,X,X,X,X,1792,X,X,X,X,X
46.762925,U,1615,146,65,1620,1584,1520,1504,1560,1560,1496,1479,1519,1581,1533,1512,1573
46.778488,D,1197,X,738,765,1108,X,717,758,X,1054,702,735,1128,X,1040,1150
46.792705,L,X,X,X,X,X,X,X,X,X,X,X,X,15,X,X,1912,X,X,X,X,X,X,X,X,X,X,X,X,X,X,X,1849,X,X,X,X,X,X,2034,1814,X,X,X,X,X,X,X,1795,X,X,X,X,X,X,X,1738,X,X,X,X,1928,X,X,X
46.830935,R,X,X,X,X,X,X,X,X,X,X,X,X,X,X,X,X,X,X,X,X,X,X,X,X,X,X,X,X,X,X,X,X,X,X,X,X,X,X,X,X,X,X,X,X,X,X,X,X,X,X,X,X,X,X,X,X,X,X,1693,X,X,X,X,X
46.869266,U,1625,147,63,1621,1579,1532,1521,1581,1554,1510,1511,1556,1572,1534,1537,1586
46.883503,D,1162,X,733,760,1090,X,717,736,1087,1055,704,722,1109,1107,1093,X
46.898900,L,X,X,X,X,X,X,X,X,X,X,X,X,18,X,X,1882,X,X,X,X,X,X,X,X,X,X,X,X,X,X,X,1802,X,X,X,X,X,X,2008,1777,X,X,X,X,X,X,X,1792,X,X,X,X,X,X,X,1767,X,X,X,X,X,X,X,X
46.937182,R,X,X,X,X,X,X,X,X,X,X,X,X,X,X,X,X,X,X,X,X,X,X,X,X,X,X,X,X,X,X,X,X,X,X,X,X,X,X,X,X,X,X,X,X,X,X,X,X,X,X,X,X,X,X,X,X,X,X,1616,X,X,X,X,X
46.975556,U,1634,153,66,1649,1579,1530,1532,1597,1552,1497,1509,1558,1585,1528,1539,1589
46.989828,D,1234,1161,733,756,1109,X,724,733,X,1045,X,723,1098,1068,1021,X
47.005237,L,X,X,X,X,X,X,X,X,X,X,X,X,18,X,X,1819,X,X,X,X,X,X,X,X,X,X,X,X,X,X,X,X,X,X,X,X,X,X,2023,1807,X,X,X,X,X,X,X,1812,X,X,X,X,X,X,X,1790,X,X,X,X,X,X,X,X
47.043526,R,X,X,X,X,X,X,X,X,X,X,X,X,X,X,X,X,X,X,X,X,X,X,X,X,X,X,X,X,X,X,X,X,X,X,X,X,X,X,X,X,X,X,X,X,X,X,X,X,X,X,X,X,X,X,X,X,X,X,1590,X,X,X,X,X
47.081786,U,1639,151,63,1630,1587,1500,1545,1583,1554,1491,1503,1560,1572,1533,1538,1583
47.096033,D,1151,X,743,762,1061,X,734,739,X,1072,1038,731,1135,X,1072,1087
47.111424,L,X,X,X,X,X,X,X,X,X,X,X,X,17,X,X,1795,X,X,X,X,X,X,X,X,X,X,X,X,X,X,1991,X,X,X,X,X,X,X,1954,1753,X,X,X,X,X,X,X,1773,X,X,X,X,X,X,X,1756,X,X,X,X,X,X,X,X
47.149690,R,X,X,X,X,X,X,X,X,X,X,X,X,X,X,X,X,X,X,X,X,X,X,X,X,X,X,X,X,X,X,X,X,X,X,X,X,X,X,X,X,X,X,X,X,X,X,X,X,X,X,X,X,X,X,X,X,X,X,1577,1663,X,X,X,X
47.187941,U,1637,152,65,1637,1580,1523,1538,1584,1549,1498,1499,1582,1576,1522,1538,1587
47.202199,D,1125,1105,764,770,X,X,X,743,X,X,X,756,1131,1121,1108,1113
47.217581,L,X,X,X,X,X,X,X,X,X,X,X,X,16,X,X,X,X,X,X,X,X,X,X,X,X,X,X,X,X,X,1949,1752,X,X,X,X,X,2290,1946,1752,X,X,X,X,X,X,X,1767,X,X,X,X,X,X,X,1729,X,X,X,X,X,X,X,X
47.255862,R,X,X,X,X,X,X,X,X,X,X,X,X,X,X,X,X,X,X,X,X,X,X,X,X,X,X,X,X,X,X,X,X,X,X,X,X,X,X,X,X,X,X,X,X,X,X,X,X,X,X,X,X,X,X,X,X,X,X,X,X,X,X,X,X
47.294114,U,1614,161,64,1639,1569,1511,1529,1586,1554,1498,1499,1562,1576,1534,1529,1593
47.308363,D,1253,1128,X,773,X,X,X,754,X,X,X,X,1131,1097,1090,X
47.323759,L,X,X,X,X,X,X,X,X,X,X,X,X,17,X,X,1765,X,X,X,X,X,X,X,X,X,X,X,X,X,X,X,1722,X,X,X,X,X,X,1980,1723,X,X,X,X,X,2024,X,1706,X,X,X,X,X,X,1884,1738,X,X,X,X,X,X,X,X
47.362052,R,X,X,X,X,X,X,X,X,X,X,X,X,X,X,X,X,X,X,X,X,X,X,X,X,X,X,X,X,X,X,X,X,X,X,X,X,X,X,X,X,X,X,X,X,X,X,X,X,X,X,X,X,X,X,X,X,X,X,X,X,X,X,2178,X
47.400342,U,1627,155,66,1639,1581,1521,1511,1554,1571,1479,1490,1557,1594,1518,1520,1579
47.414610,D,X,X,X,788,X,X,X,772,X,X,X,X,X,X,X,X
47.430008,L,X,X,X,X,X,X,X,X,X,X,X,X,17,X,X,1766,X,X,X,X,X,X,X,X,X,X,X,X,X,X,X,1731,X,X,X,X,X,X,X,1752,X,X,X,X,X,2095,X,1674,X,X,X,X,X,X,X,1689,X,X,X,X,X,X,X,X
47.482974,R,X,X,X,X,X,X,X,X,X,X,X,X,X,X,X,X,X,X,X,X,X,X,X,X,X,X,X,X,X,X,X,X,X,X,X,X,X,X,X,X,X,X,X,X,X,X,X,X,X,X,X,X,X,X,X,X,X,X,X,X,X,X,2183,X
47.521317,U,1617,146,66,1615,1570,1501,1500,1561,1560,1494,1503,1548,1574,1526,1526,1561
47.535526,D,X,X,X,788,X,X,X,800,X,X,X,X,X,X,X,X
47.550905,L,X,X,X,X,X,X,X,X,X,X,X,X,17,X,X,1731,X,X,X,X,X,X,X,X,X,X,X,X,X,X,1870,1705,X,X,X,X,X,X,1848,1691,X,X,X,X,X,2076,105,1694,X,X,X,X,X,X,1869,1675,X,X,X,X,X,X,1893,X
47.589196,R,X,X,X,X,X,X,X,X,X,X,X,X,X,X,X,X,X,X,X,X,X,X,X,X,X,X,X,X,X,X,X,X,X,X,X,X,X,X,X,X,X,X,X,X,X,X,X,X,X,X,X,X,X,X,X,X,X,X,X,X,X,X,2180,X
47.627494,U,1599,155,67,1592,1569,1509,1501,1541,1562,1495,1500,1524,1592,1519,1515,1573
47.641704,D,X,X,X,803,923,X,X,818,X,X,X,X,X,X,X,X
47.657092,L,X,X,X,X,X,X,X,X,X,X,X,X,16,X,X,1697,X,X,X,X,X,X,X,X,X,X,X,X,X,X,1877,1682,X,X,X,X,X,2082,1860,1638,X,X,X,X,X,X,X,1631,X,X,X,X,X,X,1812,1652,X,X,X,X,X,X,1826,1658
47.695374,R,X,X,X,X,X,2726,X,X,X,X,X,X,X,X,X,X,X,X,X,X,X,X,X,X,X,X,X,X,X,X,X,X,X,X,X,X,X,X,X,X,X,X,X,X,X,X,X,X,X,X,X,X,X,X,X,X,X,X,X,X,X,X,2123,X
47.733674,U,1605,157,68,1586,1574,1481,1500,1552,1554,1491,1495,1546,1581,1521,1506,1581
47.747890,D,956,X,X,813,944,X,X,X,X,X,X,X,X,X,X,X
47.763275,L,X,X,X,X,X,X,X,X,X,X,X,X,16,X,X,1685,X,X,X,X,X,X,X,X,X,X,X,X,X,X,1796,1657,X,X,X,X,X,2015,1759,1654,X,X,X,X,X,X,1797,1590,X,X,X,X,X,X,1810,1634,X,X,X,X,X,X,1823,1647
47.801567,R,X,X,X,X,X,X,X,X,X,X,X,X,X,X,X,X,X,X,X,X,X,X,X,X,X,X,X,X,X,X,X,X,X,X,X,X,X,X,X,X,X,X,X,X,X,X,X,X,X,X,X,X,X,X,X,X,X,X,X,X,X,X,X,X
47.839871,U,1575,144,69,1615,1555,1497,1511,1554,1544,1480,1502,1548,1578,1522,1537,1594
47.854081,D,959,X,X,826,971,X,X,X,X,X,X,X,X,X,X,X
47.869465,L,X,X,X,X,X,X,X,X,X,X,X,X,16,X,X,1666,X,X,X,X,X,X,X,X,X,X,X,X,X,X,1753,1600,X,X,X,X,X,X,1744,1605,X,X,X,X,X,X,1733,1587,X,X,X,X,X,X,1729,1605,X,X,X,X,X,X,1791,1636
47.907744,R,X,X,X,X,X,X,X,X,X,X,X,X,X,X,X,X,X,X,X,X,X,X,X,X,X,X,X,X,X,X,X,X,X,X,X,X,X,X,X,X,X,X,X,X,X,X,X,X,X,X,X,X,X,X,X,X,X,X,X,X,X,X,X,X
47.946047,U,1590,156,63,1591,1545,1493,1509,1568,1545,1491,1480,1545,1564,1517,1529,1580
47.960270,D,938,X,X,865,1035,X,X,X,X,X,X,X,X,X,X,X
47.975669,L,X,X,X,X,X,X,X,X,X,X,X,X,18,X,X,1622,X,X,X,X,X,X,X,X,X,X,X,X,X,X,1737,1551,X,X,X,X,X,X,1740,1608,X,X,X,X,X,1880,1673,1548,X,X,X,X,X,X,1744,1580,X,X,X,X,X,1911,1747,1569
48.013960,R,X,X,X,X,X,X,X,X,X,X,X,X,X,X,X,X,X,X,X,X,X,X,X,X,X,X,X,X,X,X,X,X,X,X,X,X,X,X,X,X,X,X,X,X,X,X,X,X,X,X,X,X,X,X,X,X,X,X,X,X,X,X,X,X
48.067702,U,X,154,65,1622,1576,1511,1499,1577,1541,1491,1505,1575,1577,1524,1523,1587
48.083239,D,925,X,1134,897,1045,X,X,1106,X,X,X,X,X,X,X,X
48.097445,L,X,X,X,X,X,X,X,X,X,X,X,X,18,X,X,1596,X,X,X,X,X,X,X,X,X,X,X,X,X,X,1702,1527,X,X,X,X,X,X,1697,1544,X,X,X,X,X,1804,1676,1535,X,X,X,X,X,X,1727,X,X,X,X,X,X,1833,1716,X
48.135668,R,X,X,X,X,X,X,X,X,X,X,X,X,X,X,X,X,X,X,X,X,X,X,X,X,X,X,X,X,X,X,X,X,X,X,X,X,X,X,X,X,X,X,X,X,X,X,X,X,X,X,X,X,X,X,X,X,X,X,X,X,X,X,X,X
48.173957,U,1665,149,70,1642,1592,1532,1529,1601,1572,1517,1513,1576,1583,1544,1552,1599
48.188184,D,914,X,X,959,1047,X,1099,1123,X,1070,X,X,1119,X,X,X
48.203590,L,X,X,X,X,X,X,X,X,X,X,X,X,17,X,X,1549,X,X,X,X,X,X,X,X,X,X,X,X,X,X,1669,1534,X,X,X,X,X,1833,1636,1545,X,X,X,X,X,1851,X,1502,X,X,X,X,X,1803,1652,X,X,X,X,X,X,1876,1648,1276
48.241883,R,X,X,X,X,X,X,X,X,X,X,X,X,X,X,X,X,X,X,X,X,X,X,X,X,X,X,X,X,X,X,X,X,X,X,X,X,X,X,X,X,X,X,X,X,X,X,X,X,X,X,X,X,X,X,X,X,X,X,X,X,X,X,X,X
48.280158,U,1664,162,68,X,1608,1530,1540,1592,1568,1516,1524,1558,1598,1538,1549,1594
48.294446,D,913,X,X,980,1082,X,1096,X,1035,X,X,X,X,X,X,X
48.309847,L,X,X,X,X,X,X,X,X,X,X,X,X,16,X,X,1551,X,X,X,X,X,X,X,X,X,X,X,X,X,1799,1598,1493,X,X,X,X,X,1782,1625,1500,X,X,X,X,1938,1784,1615,1480,X,X,X,X,2007,1793,X,1316,X,X,X,X,X,1809,1685,1243
48.348147,R,X,X,X,X,X,X,X,X,X,X,X,X,X,X,X,X,X,X,X,X,X,X,X,X,X,X,X,X,X,X,X,X,X,X,X,X,X,X,X,X,X,X,X,X,X,X,X,X,X,X,X,X,X,X,X,X,X,X,X,X,X,X,X,X
48.386472,U,1666,207,62,1683,1599,1554,1545,1623,1570,1534,1530,1600,1585,1550,1545,1614
48.400709,D,909,1126,X,1062,1108,X,X,X,X,X,1064,X,X,X,1072,X
48.416160,L,X,X,X,X,X,X,X,X,X,X,X,X,17,X,X,1498,X,X,X,X,X,X,X,X,X,X,X,X,1964,1820,1602,1491,X,X,X,X,X,1767,1631,1475,X,X,X,X,2004,1759,1620,1474,X,X,X,X,X,1768,X,1299,X,X,X,X,X,1805,1626,1271
48.470160,R,X,X,X,X,X,X,X,X,X,X,X,X,X,X,X,X,X,X,X,X,X,X,X,X,X,X,X,X,X,X,X,X,X,X,X,X,X,X,X,X,X,X,X,X,X,X,X,X,X,X,X,X,X,X,X,X,X,X,X,X,X,X,X,X
48.508520,U,1664,164,64,1711,1617,1561,1557,1628,1592,1536,1541,1606,1609,1557,1559,1622
48.522727,D,960,X,X,1117,1091,X,X,1105,X,X,1044,X,1084,X,X,X
48.538174,L,X,X,X,X,X,X,X,X,X,X,X,X,17,X,X,1464,X,X,X,X,X,X,X,X,X,X,X,X,X,1692,1555,1467,X,X,X,X,X,X,1580,1456,X,X,X,X,X,1725,1600,1471,X,X,X,X,X,1705,1354,1228,X,X,X,X,X,1772,1312,1247
48.576502,R,X,X,X,X,X,X,X,X,X,X,X,X,X,X,X,X,X,X,X,X,X,X,X,X,X,X,X,X,X,X,X,X,X,X,X,X,X,X,X,X,X,X,X,X,X,X,X,X,X,X,X,X,X,X,X,X,X,X,X,X,X,X,X,X
48.614818,U,1676,1675,65,1680,1606,1555,1561,1619,1590,1544,1531,1595,1602,1558,1551,1621
48.629030,D,987,1123,X,1167,1113,X,1076,X,996,1029,X,X,1106,1088,1049,1077
48.644446,L,X,X,X,X,X,X,X,X,X,X,X,X,16,X,X,1453,X,X,X,X,X,X,X,X,X,X,X,X,1915,X,1580,1412,X,X,X,X,X,1681,1518,1436,X,X,X,X,X,1665,1516,1379,X,X,X,X,X,X,1281,1252,X,X,X,X,X,X,1299,1162
48.682739,R,X,X,X,X,X,X,X,X,X,X,X,X,X,X,X,X,X,X,X,X,X,X,X,X,X,X,X,X,X,X,X,X,X,X,X,X,X,X,X,X,X,X,X,X,X,X,X,X,X,X,X,X,X,X,X,X,X,X,X,X,X,X,X,X
48.721083,U,1651,199,68,1661,1605,1540,1544,1622,1591,1518,1534,1605,1602,1560,1563,1609
48.735310,D,1061,1108,1152,1162,1085,1123,1094,1113,X,1083,1080,1062,1071,1079,1086,1066
48.750725,L,X,X,X,X,X,X,X,X,X,X,X,X,16,X,X,1424,X,X,X,X,X,X,X,X,X,X,X,X,X,X,1585,1409,X,X,X,X,X,1673,1489,1411,X,X,X,X,X,1679,1484,1412,X,X,X,X,1927,X,1319,1179,X,X,X,X,X,1325,1299,X
48.789071,R,X,X,X,X,X,X,X,X,X,X,X,X,X,X,X,X,X,X,X,X,X,X,X,X,X,X,X,X,X,X,X,X,X,X,X,X,X,X,X,X,X,X,X,X,X,X,X,1964,X,X,X,X,X,X,X,X,X,X,X,X,X,X,X,X
48.827368,U,1644,1626,65,1686,1586,1541,1562,1620,1573,1533,1532,1593,1587,1551,1549,1639
48.841592,D,1093,1143,1118,1150,1105,1076,1082,1079,X,1072,1027,1074,1122,1065,1085,1095
48.857018,L,X,X,X,X,X,X,X,X,X,X,X,X,17,X,X,1411,X,X,X,X,X,X,X,X,X,X,X,X,X,1602,1527,1394,X,X,X,X,X,1665,1484,1394,X,X,X,X,X,1677,1540,1395,X,X,X,X,X,1377,1290,1102,X,X,X,X,X,1348,1273,1443
48.895302,R,X,X,X,X,X,X,X,X,X,X,X,X,X,X,X,X,X,X,X,X,X,X,X,X,X,X,X,X,X,X,X,X,X,X,X,X,X,X,X,X,X,X,X,X,X,X,X,1941,X,X,X,X,X,X,X,X,X,X,X,X,X,X,X,X
48.933640,U,1659,165,68,X,1593,1548,1544,1611,1569,1524,1524,1583,1591,1537,1565,1617
48.947865,D,1145,1164,X,1135,1133,1067,1056,1156,X,1074,X,1124,1086,1059,1084,1099
48.963289,L,X,X,X,X,X,X,X,X,X,X,X,X,18,X,X,1373,X,X,X,X,X,X,X,X,X,X,X,X,1741,X,1475,1351,X,X,X,X,X,1583,1482,1336,X,X,X,X,X,1596,1498,1360,X,X,X,X,X,1316,1245,1345,X,X,X,X,X,1293,1265,1392
49.001602,R,X,X,X,X,X,X,X,X,X,X,X,X,X,X,X,X,X,X,X,X,X,X,X,X,X,X,X,X,X,X,X,X,X,X,X,X,X,X,X,X,X,X,X,X,X,X,X,1911,X,X,X,X,X,X,X,2037,X,X,X,X,X,X,X,X
49.039910,U,1650,210,61,1697,1604,1547,1555,1634,1560,1535,1544,1623,1580,1551,1576,1625
49.054123,D,1147,1167,1161,1153,X,X,1085,1154,X,1050,1034,1083,1102,1034,1083,1102
49.069541,L,X,X,X,X,X,X,X,X,X,X,X,X,16,X,X,1321,X,X,X,X,X,X,X,X,X,X,X,X,1743,1588,1458,1331,X,X,X,X,X,1635,1469,1319,X,X,X,X,84,1576,1441,1322,X,X,X,X,X,1378,1192,1335,X,X,X,X,1274,1299,1252,1369
49.107871,R,X,X,X,X,X,X,X,X,X,X,X,X,X,X,X,X,X,X,X,X,X,X,X,X,X,X,X,X,X,X,X,X,X,X,X,X,X,X,X,1964,X,X,X,X,X,X,X,1971,X,X,X,X,X,X,X,2012,X,X,X,X,X,X,X,X
49.146168,U,1663,147,64,1704,1598,1565,1572,1644,1580,1524,1551,1600,1596,1545,1538,1627
49.160389,D,1201,1203,1150,1128,X,X,1045,1079,X,1028,1143,1086,1153,1062,1067,1072
49.175810,L,X,X,X,X,X,X,X,X,X,X,X,X,17,X,X,1277,X,X,X,X,X,X,X,X,X,X,X,X,X,X,1437,1280,X,X,X,X,1700,1485,1426,1288,X,X,X,X,1727,1458,1424,1288,X,X,X,X,1386,1306,1331,1304,X,X,X,X,1312,1239,1466,1329
49.214113,R,X,X,X,X,X,X,X,X,X,X,X,X,X,X,X,X,X,X,X,X,X,X,X,X,X,X,X,X,X,X,X,X,X,X,X,X,X,X,X,1943,X,X,X,X,X,X,X,1969,1167,X,X,X,X,X,X,X,X,X,X,X,X,X,X,X
49.252431,U,X,217,67,1710,1596,1567,1568,1661,1567,1540,1557,1628,1597,1571,1554,1646
49.266654,D,1198,X,1142,1171,1145,X,1122,1139,X,1065,X,1060,1099,X,1076,1051
49.282061,L,X,X,X,X,X,X,X,X,X,X,X,X,17,X,X,1229,X,X,X,X,X,X,X,X,X,X,X,X,1688,1449,1348,1222,X,X,X,X,1614,1504,1339,1240,X,X,X,X,X,1402,1372,1244,X,X,X,X,1316,1241,1390,1251,X,X,X,1310,1296,1433,1406,1273
49.336281,R,X,X,X,X,X,X,X,X,X,X,X,X,X,X,X,X,X,X,X,X,X,X,X,X,X,X,X,X,X,X,X,X,X,X,X,X,X,X,X,2035,X,X,X,X,X,X,X,X,1139,X,X,X,X,X,X,2051,951,X,X,X,X,X,X,X
49.390722,U,1689,169,63,1692,1625,1560,1577,1644,1592,1537,1541,1618,1597,1556,1561,1621
49.406280,D,1202,X,1175,X,1093,1115,1105,1154,X,1056,X,1086,1113,1022,1064,1056
49.420498,L,X,X,X,X,X,X,X,X,X,X,X,X,17,X,X,1190,X,X,X,X,X,X,X,X,X,X,X,X,1564,1406,1299,1187,X,X,X,X,1570,1399,1289,1189,X,X,X,1800,1623,1383,1302,1190,X,X,X,1380,1303,X,1282,1196,X,X,X,1305,1316,1404,1317,1226
49.458731,R,X,X,X,X,X,X,X,X,X,X,X,X,X,X,X,X,X,X,X,X,X,X,X,X,X,X,X,X,X,X,X,X,X,X,X,X,X,X,X,X,X,X,X,X,X,X,X,X,X,X,X,X,X,X,X,X,893,X,X,X,X,X,X,X
49.497077,U,1678,151,64,1698,1611,1602,1566,1621,1581,1530,1535,1606,1606,1564,1556,1616
49.511313,D,1175,X,1133,1183,X,1064,1100,1134,X,1085,X,1148,1078,1066,1024,1073
49.526734,L,X,X,X,X,X,X,X,X,X,X,X,X,17,X,X,1170,X,X,X,X,X,X,X,X,X,X,X,X,1511,1355,1272,1158,X,X,X,1737,1529,1401,1268,1162,X,X,X,1735,1493,1380,1273,1144,X,X,X,1337,1234,X,1252,1155,X,X,X,1307,1254,1431,1287,1184
49.565084,R,X,X,X,X,X,X,X,X,X,X,X,X,X,X,X,X,X,X,X,X,X,X,X,X,X,X,X,X,X,X,X,X,X,X,X,X,X,X,X,X,X,X,X,X,X,X,X,X,X,1109,X,X,X,X,X,X,905,925,X,X,X,X,X,X
49.603385,U,1680,152,66,1672,1644,X,1553,1596,1598,1525,1531,1574,1626,1569,1545,1606
49.617609,D,1184,X,1166,1154,1100,1057,1131,1156,1070,1068,1054,1148,1057,1032,1079,1078
49.633040,L,X,X,X,X,X,X,X,X,X,X,X,X,17,X,X,1153,X,X,X,X,X,X,X,X,X,X,X,1648,1465,1324,1222,1117,X,X,X,1664,1478,1313,1237,1132,X,X,X,X,1481,1311,1235,1124,X,X,X,X,1209,1311,1199,1134,X,X,X,1344,1362,1348,1245,1131
49.671332,R,X,X,X,X,X,X,X,X,X,X,X,X,X,X,X,X,X,X,X,X,X,X,X,X,X,X,X,X,X,X,X,X,X,X,X,X,X,X,X,X,X,X,X,X,X,X,X,X,X,1084,X,X,X,X,X,X,827,906,X,X,X,X,X,X
49.709637,U,1699,149,65,1665,1640,1647,1550,1610,1616,1541,1527,1587,1630,1571,1557,1580
49.723909,D,1144,1112,1148,1238,1095,1077,1108,X,1017,1033,1070,1154,1075,1062,1065,1111
49.739334,L,X,X,X,X,X,X,X,X,X,X,X,X,18,X,X,1156,X,X,X,X,X,X,X,X,X,X,X,1647,1524,1295,1218,1102,X,X,X,1592,1439,1332,1213,1096,X,X,X,X,1463,1302,1199,1106,X,X,X,X,X,1314,1198,1095,X,X,X,1358,1402,1311,1202,1099
49.777664,R,X,X,X,X,X,X,X,X,X,X,X,X,X,X,X,X,X,X,X,X,X,X,X,X,X,X,X,X,X,X,X,X,X,X,X,X,X,X,X,X,X,X,X,X,X,X,X,X,X,X,1119,X,X,X,X,X,782,843,X,X,X,X,X,X
49.815961,U,1702,153,69,1650,1632,1579,1535,1597,1610,1550,1526,1573,1622,1568,1559,1590
49.830194,D,1161,1121,1148,X,1104,1053,1083,X,X,1059,X,1077,1050,1116,1096,X
49.845618,L,X,X,X,X,X,X,X,1122,X,X,X,X,17,X,X,1108,X,X,X,X,X,X,X,X,X,X,X,1596,X,1272,1174,1079,X,X,X,1651,1414,1286,1175,1078,X,X,1869,1619,1443,1294,1172,1067,X,X,1346,1201,1427,1271,1178,1059,X,X,X,1269,1459,1301,1183,1080
49.883909,R,X,X,X,X,X,X,X,X,X,X,X,X,X,X,X,X,X,X,X,X,X,X,X,X,X,X,X,X,X,X,X,X,X,X,X,X,X,X,X,X,X,X,X,X,X,X,X,X,1079,X,1092,X,X,X,X,X,761,822,X,X,X,X,1377,X
49.922224,U,1691,151,64,1677,1622,X,1559,1614,1587,1553,1529,1580,1584,1563,1574,1602
49.936464,D,1194,1140,1136,1221,1103,1041,1073,1141,X,1051,986,1097,1092,X,1080,1069
49.951894,L,X,X,X,X,X,X,X,X,X,X,X,X,17,X,1182,1068,X,X,X,X,X,X,X,X,X,X,X,1637,X,1247,1158,1039,X,X,X,X,1422,1254,1130,1045,X,X,X,1565,1368,1223,1160,1035,X,X,1317,1381,1406,1281,1134,1065,X,1261,1342,1249,1420,1303,1154,1070
49.990196,R,X,X,X,X,X,X,X,X,X,X,X,X,X,X,X,X,X,X,X,X,X,X,X,X,X,X,X,X,X,X,X,X,X,X,X,X,X,X,X,X,X,X,X,X,X,X,X,X,1108,X,X,X,X,X,X,X,804,827,856,924,X,X,X,X
50.028501,U,1663,160,66,1643,1619,X,1562,1653,1586,1528,1536,1599,1597,1559,1571,1629
50.042725,D,X,1128,1129,1136,1150,1104,1084,1090,X,1087,1054,1100,1107,1111,1054,1087
50.058155,L,X,X,X,X,X,X,X,1052,X,X,X,X,17,X,1136,1042,X,X,1897,X,X,X,X,X,X,X,X,1615,1411,1220,1152,1049,X,X,X,X,1451,1252,1121,1031,X,X,X,X,1397,1259,1131,1030,X,X,1389,X,1430,1245,1149,1049,X,1241,1346,1230,1452,1295,1154,1063
50.096485,R,X,X,X,X,X,X,X,X,X,X,X,X,X,X,X,X,X,X,X,X,X,X,X,X,X,X,X,X,X,X,X,X,X,X,X,X,X,X,X,X,X,X,X,X,X,X,X,X,X,X,X,1074,X,X,X,X,825,906,868,935,X,X,X,X
50.134780,U,1681,159,63,X,1590,1587,1577,1695,1596,1572,1527,1637,1568,1551,1550,1655
50.161878,D,1203,1124,1168,X,X,X,1067,1087,X,1053,X,1069,1103,X,1066,1070
50.176182,L,X,X,X,X,X,X,X,1057,X,X,X,X,18,X,1135,1023,X,X,X,X,X,X,X,X,X,X,X,X,1393,1241,1120,1021,X,X,X,X,1426,1259,1118,1020,X,X,X,X,X,1289,1115,1011,X,X,1473,X,1387,1277,1158,1034,X,1229,1340,X,1494,1301,1143,1059
50.214489,R,X,X,X,X,X,X,X,X,X,X,X,X,X,X,X,X,X,X,X,X,X,X,X,X,X,X,X,X,X,X,X,X,X,X,X,X,X,X,X,X,X,X,X,X,X,X,X,X,X,X,X,X,X,X,X,X,877,871,890,952,980,X,X,X
50.252798,U,1668,149,64,1625,1602,1591,1585,1694,1581,X,1554,1634,1585,1551,1574,1660
50.267014,D,X,X,1174,X,1149,1079,1113,1106,X,1068,1047,1092,1087,1061,1038,1062
50.282425,L,X,X,X,X,X,X,X,1024,X,X,X,X,18,X,1099,1009,X,X,X,X,X,X,X,X,X,X,X,1620,1402,1233,1082,999,X,X,X,1596,1379,1252,1100,984,X,X,X,1580,1372,1259,1147,995,X,X,1427,X,1440,1258,1115,1022,X,X,1377,X,1450,1298,1133,1047
50.320734,R,X,X,X,X,X,X,X,X,X,X,X,X,X,X,X,X,X,X,X,X,X,X,X,X,X,X,X,X,X,X,X,X,X,X,X,X,X,X,X,X,X,X,X,X,X,X,X,X,X,X,X,X,1047,X,X,X,783,791,908,825,906,913,X,X
50.359080,U,1694,151,63,X,1652,1588,1603,1693,1591,X,1563,1631,1592,1554,1567,1600
50.373293,D,1212,1142,1175,1171,1087,X,1064,1087,X,1037,1048,1085,1063,1012,1010,1055
50.388707,L,X,X,X,X,X,X,X,1021,X,X,X,X,16,X,1082,996,X,X,X,X,X,X,X,X,X,X,X,1573,1433,1236,1088,983,X,X,X,X,1422,1220,1081,984,X,X,X,1541,1380,1226,1105,995,X,X,1379,X,1399,1245,1116,997,X,X,1351,X,1464,1236,1123,1009
50.427042,R,X,X,X,X,X,X,X,X,X,X,X,X,X,X,X,X,X,X,X,X,X,X,X,X,X,X,X,X,X,X,X,X,X,X,X,X,X,X,X,X,X,X,X,X,X,X,X,X,X,X,X,X,X,X,X,X,698,768,755,826,795,936,X,X
50.465343,U,1710,148,67,X,1652,1590,1611,1677,1617,1558,1546,1613,1609,1579,1557,1650
50.479571,D,1164,X,1102,1093,X,X,1049,1060,1084,1012,1011,1039,1038,1001,1026,996
50.494999,L,X,X,X,X,X,X,X,994,X,X,X,X,16,X,1043,957,X,X,X,X,X,X,X,X,X,X,X,X,1423,1184,1082,958,X,X,X,X,1391,1236,1084,967,X,X,X,X,1436,1194,1088,969,X,X,X,X,1387,1239,1099,1001,X,X,X,X,1423,1278,1110,1007
50.533297,R,X,X,X,X,X,X,X,X,X,X,X,X,X,X,X,X,X,X,X,X,X,X,X,X,X,X,X,X,X,X,X,X,X,X,X,X,X,X,X,X,X,X,X,X,X,X,X,X,X,X,X,X,X,X,X,X,708,752,788,811,879,855,916,X
50.571623,U,X,158,63,1422,1655,1606,1603,1694,1612,1573,1573,1655,1603,1582,1581,1629
50.585846,D,1132,1141,1104,X,1100,X,1065,1089,X,995,X,1038,1050,1033,1018,1058
50.601252,L,X,X,X,X,X,X,X,940,X,X,X,X,17,X,1050,951,X,X,X,X,X,X,X,X,X,X,X,X,1358,1202,1083,965,X,X,X,X,1397,1215,1103,945,X,X,X,X,1416,1239,1069,976,X,X,X,X,1383,1211,1090,973,X,X,X,X,X,1274,1106,995
50.639582,R,X,X,X,X,X,X,X,X,X,X,X,X,X,X,X,X,X,X,X,X,X,X,X,X,X,X,X,X,X,X,X,X,X,X,X,X,X,X,X,X,X,X,X,X,X,X,X,X,X,X,X,X,X,993,X,1905,729,803,782,861,835,911,886,X
50.689584,U,1697,166,71,1371,1597,1586,1633,1698,1585,1602,1585,1691,1595,1565,1617,1676
50.705145,D,1210,1125,1096,X,1141,X,1063,1061,X,1018,X,1033,1065,1031,1010,999
50.719387,L,X,X,X,X,X,X,X,955,X,X,X,X,17,X,1017,948,X,X,X,X,X,X,X,X,X,X,X,X,1454,1250,1072,962,X,X,X,X,1403,1215,1095,960,X,X,X,X,1450,1224,1104,970,X,X,X,X,1450,1242,1128,973,X,X,X,X,1482,1292,1116,996
50.757684,R,X,X,X,X,X,X,X,X,X,X,X,X,X,X,X,X,X,X,X,X,X,X,X,X,X,X,X,X,X,X,X,X,X,X,X,X,X,X,X,X,2865,X,X,X,X,X,X,X,X,X,X,X,X,X,973,X,818,X,1035,1073,981,X,971,992
50.795993,U,1643,1678,63,X,1606,1564,1631,1713,1567,1566,1578,1695,1585,1589,1607,1707
50.810230,D,X,X,1124,1103,X,X,1051,1095,1149,1048,X,1059,X,1043,1012,996
50.825646,L,X,X,X,X,X,X,X,964,X,X,X,X,17,X,1056,949,X,X,X,X,X,X,X,X,X,X,X,X,1472,1229,1085,954,X,X,X,X,1481,1270,1102,961,X,X,X,X,1446,1231,1092,971,X,X,X,X,1486,1211,1095,964,X,X,X,X,X,1289,1120,975
50.863953,R,X,X,X,X,X,X,2693,X,X,X,X,X,X,X,X,X,X,X,X,X,X,X,X,X,X,X,X,X,X,X,X,X,X,X,X,X,X,X,X,X,X,X,X,X,X,X,X,X,X,X,X,X,X,X,1006,X,785,734,883,939,926,X,929,893
